Artist,Album,Year,Genre,Price,Date Purchased,Refined ChatGPT Genre,Sub_Genre_1,Sub_Genre_2,Sub_Genre_3
.38 Special,WIld-Eyed Southern Boys,1980.0,Rock,5.0,,"['Southern Rock', 'Arena Rock', 'Blues Rock']",Southern Rock,Arena Rock,Blues Rock
.38 Special,Special Forces,1982.0,Rock,4.0,,"['Southern Rock', 'Arena Rock', 'Blues Rock']",Southern Rock,Arena Rock,Blues Rock
.38 Special,Tour De Force,1983.0,Rock,5.0,,"['Southern Rock', 'Arena Rock', 'Blues Rock']",Southern Rock,Arena Rock,Blues Rock
100gecs,1000 gecs,2019.0,Hyper Pop,24.0,,"['Experimental Electronic', 'Electropop', 'Glitch Pop']",Experimental Electronic,Electropop,Glitch Pop
2Pac,2Pac Greatest Hits,1998.0,Rap,70.0,10/28/2023,"['West Coast Hip Hop', 'Gangsta Rap', 'Political Rap']",West Coast Hip Hop,Gangsta Rap,Political Rap
50 Cent,Get Rich or Die Tryin,2003.0,Rap,50.0,,"['East Coast Hip Hop', 'Gangsta Rap', 'Hardcore Rap']",East Coast Hip Hop,Gangsta Rap,Hardcore Rap
A Mountain of One,Stars Planets Dust Me,2022.0,House,38.0,,"['Deep House', 'Tech House', 'Electro House']",Deep House,Tech House,Electro House
A Tribe Called Quest,The Low End Theory,1991.0,Hip Hop,60.0,,"['Jazz Rap', 'Alternative Hip Hop', 'Conscious Hip Hop']",Jazz Rap,Alternative Hip Hop,Conscious Hip Hop
A Tribe Called Quest,Midnight Marauders,1993.0,Hip Hop,30.0,,"['Jazz Rap', 'Alternative Hip Hop', 'Conscious Hip Hop']",Jazz Rap,Alternative Hip Hop,Conscious Hip Hop
a-ha,hunting high and low,1985.0,Rock,23.0,,"['New Wave', 'Synth Pop', 'Pop Rock']",New Wave,Synth Pop,Pop Rock
Aaliyah,Ultimate Aaliyah,2005.0,Soul,31.0,,"['R&B', 'Hip Hop Soul', 'Urban']",R&B,Hip Hop Soul,Urban
ABBA,ABBA Gold,1992.0,Pop,30.0,,"['Euro Pop', 'Disco', 'Dance Pop']",Euro Pop,Disco,Dance Pop
AC/DC,Dirty Deeds Done Dirt Cheap,1976.0,Hard Rock,0.0,,"['Hard Rock', 'Blues Rock', 'Rock and Roll']",Hard Rock,Blues Rock,Rock and Roll
AC/DC,Back in Black,1980.0,Rock,28.0,8/21/2016,"['Hard Rock', 'Blues Rock', 'Rock and Roll']",Hard Rock,Blues Rock,Rock and Roll
Aerosmith,Rocks,1976.0,Rock,28.0,8/21/2016,"['Hard Rock', 'Blues Rock', 'Glam Metal']",Hard Rock,Blues Rock,Glam Metal
Aerosmith,Greatest Hits,1980.0,Rock,8.0,,"['Hard Rock', 'Blues Rock', 'Glam Metal']",Hard Rock,Blues Rock,Glam Metal
Afroman,Crazy Rap,2021.0,Hip Hop,30.0,,"['Comedy Hip Hop', 'West Coast Hip Hop', 'Alternative Hip Hop']",Comedy Hip Hop,West Coast Hip Hop,Alternative Hip Hop
Air Suppply,Greatest Hits,1983.0,Pop,7.0,,"['Pop Rock', 'Synth Pop', 'Dance Pop']",Pop Rock,Synth Pop,Dance Pop
Akira Ishikawa,Bakishinba - Memories of Africa,1970.0,Jazz,40.0,,"['Jazz Fusion', 'Afrobeat', 'World Jazz']",Jazz Fusion,Afrobeat,World Jazz
Al Green,Greatest Hits,2009.0,Soul,30.0,,"['Soul', 'R&B', 'Gospel']",Soul,R&B,Gospel
Alan Parsons Project,I Robot,1977.0,Prog Rock,8.0,,"['Progressive Rock', 'Soft Rock', 'Art Rock']",Progressive Rock,Soft Rock,Art Rock
Alan Parsons Project,Eye in the Sky,1982.0,Prog Rock,10.0,,"['Progressive Rock', 'Soft Rock', 'Art Rock']",Progressive Rock,Soft Rock,Art Rock
Aliotta Haynes Jeremiah,Lake Shore Drive,1973.0,Folk Rock,0.0,,"['Folk Rock', 'Country Rock', 'Classic Rock']",Folk Rock,Country Rock,Classic Rock
All Time Low,So Wrong It's Right,2007.0,Alternative Rock,30.0,,"['Pop Punk', 'Emo Pop', 'Alternative Rock']",Pop Punk,Emo Pop,Alternative Rock
All Time Low,Nothing Personal,2009.0,Alternative Rock,30.0,,"['Pop Punk', 'Emo Pop', 'Alternative Rock']",Pop Punk,Emo Pop,Alternative Rock
All Time Low,Don't Panic,2013.0,Alternative Rock,30.0,,"['Pop Punk', 'Emo Pop', 'Alternative Rock']",Pop Punk,Emo Pop,Alternative Rock
Alvvays,Antisocialites,2017.0,Indie,22.0,,"['Indie Pop', 'Dream Pop', 'Shoegaze']",Indie Pop,Dream Pop,Shoegaze
America,History - America's Greatest Hits,1975.0,Folk Rock,8.0,,"['Folk Rock', 'Soft Rock', 'Country Rock']",Folk Rock,Soft Rock,Country Rock
America,Alternates & Rarities,2022.0,Folk Rock,28.0,,"['Folk Rock', 'Soft Rock', 'Country Rock']",Folk Rock,Soft Rock,Country Rock
Amy Winehouse,Back to Black,2016.0,Pop,50.0,,"['Pop Rock', 'Synth Pop', 'Dance Pop']",Pop Rock,Synth Pop,Dance Pop
Anderson .Paak,Malibu,2014.0,R&B,30.0,,"['Neo Soul', 'Hip Hop Soul', 'Funk']",Neo Soul,Hip Hop Soul,Funk
Andy Gibb,Flowing Rivers,1977.0,Disco,8.0,,"['Disco', 'Pop', 'Blue-Eyed Soul']",Disco,Pop,Blue-Eyed Soul
Andy Gibb,Shadow Dancing,1978.0,Pop,5.0,,"['Pop Rock', 'Synth Pop', 'Dance Pop']",Pop Rock,Synth Pop,Dance Pop
Andy Gibb,After Dark,1980.0,Pop,15.0,,"['Pop Rock', 'Synth Pop', 'Dance Pop']",Pop Rock,Synth Pop,Dance Pop
Animal House,National Lampon's Animal House,1978.0,Soundtrack,12.0,,"['Soundtrack', 'Comedy', 'Rock and Roll']",Soundtrack,Comedy,Rock and Roll
Anri,Timely!!,1983.0,City Pop,70.0,,"['City Pop', 'Synth Pop', 'J-Pop']",City Pop,Synth Pop,J-Pop
Anri,Coool,1984.0,City Pop,50.0,3/16/2024,"['City Pop', 'Synth Pop', 'J-Pop']",City Pop,Synth Pop,J-Pop
Arctic Monkeys,"Whatever People Say I am, That's What I'm Not",2006.0,Alternative,26.0,,"['Indie Rock', 'Garage Rock', 'Post-Punk Revival']",Indie Rock,Garage Rock,Post-Punk Revival
Arctic Monkeys,AM,2013.0,Alternative,26.0,,"['Indie Rock', 'Garage Rock', 'Post-Punk Revival']",Indie Rock,Garage Rock,Post-Punk Revival
Aretha Franklin,Aretha's Gold,1969.0,Soul,28.0,,"['Classic Soul', 'R&B', 'Neo Soul']",Classic Soul,R&B,Neo Soul
Arthur Verocai,Arthur Verocai,1972.0,Bossa Nova,30.0,,"['Bossa Nova', 'Funk', 'Soul', 'Jazz Fusion']",Bossa Nova,Funk,Soul
Ashford & Simpson,So So Satisfied,1977.0,Disco,25.0,,"['Disco', 'Soul', 'R&B']",Disco,Soul,R&B
B.B. King,Live at the Regal,1965.0,Rock,37.0,,"['Classic Rock', 'Hard Rock', 'Blues Rock']",Classic Rock,Hard Rock,Blues Rock
Bachman-Turner Overdrive,Best of B.T.O. (So Far),1976.0,Rock,6.0,,"['Classic Rock', 'Hard Rock', 'Blues Rock']",Classic Rock,Hard Rock,Blues Rock
Bad Brains,Bad Brains,1981.0,Punk,28.0,7/11/2023,"['Hardcore Punk', 'Reggae', 'Punk Rock']",Hardcore Punk,Reggae,Punk Rock
Bad Suns,Apocolypse Whenever,2022.0,Alternative Rock,25.0,9/28/2023,"['Indie Rock', 'Alternative Rock', 'Synth Pop']",Indie Rock,Alternative Rock,Synth Pop
Bad Suns,Language & Perspective,2014.0,Alternative Rock,50.0,,"['Indie Rock', 'Alternative Rock', 'Synth Pop']",Indie Rock,Alternative Rock,Synth Pop
Bad Suns,Disappear Here,2016.0,Alternative Rock,28.0,,"['Indie Rock', 'Alternative Rock', 'Synth Pop']",Indie Rock,Alternative Rock,Synth Pop
Barry Gibb,Greenfields,2021.0,Country,28.0,,"['Disco', 'Pop', 'Blue-Eyed Soul']",Disco,Pop,Blue-Eyed Soul
bbno$,Eat Ya Veggies,2021.0,Hip Hop,24.0,,"['Old School Hip Hop', 'Conscious Hip Hop', 'Alternative Hip Hop']",Old School Hip Hop,Conscious Hip Hop,Alternative Hip Hop
Bee Gees,Main Course,1975.0,Disco,10.0,,"['Disco', 'Pop', 'Blue-Eyed Soul']",Disco,Pop,Blue-Eyed Soul
Bee Gees,Children of the World,1976.0,Disco,10.0,,"['Disco', 'Pop', 'Blue-Eyed Soul']",Disco,Pop,Blue-Eyed Soul
Bee Gees,Saturday Night Fever,1977.0,Disco,34.0,,"['Disco', 'Pop', 'Blue-Eyed Soul']",Disco,Pop,Blue-Eyed Soul
Bee Gees,Spirits Having Flown,1979.0,Disco,18.0,,"['Disco', 'Pop', 'Blue-Eyed Soul']",Disco,Pop,Blue-Eyed Soul
Bernie Worrell,All The Woo in the World,1978.0,Funk,28.0,,"['Funk', 'P-Funk', 'Jazz-Funk']",Funk,P-Funk,Jazz-Funk
Betty Davis,They Say I'm Different,1974.0,Punk,31.0,9/14/2023,"['Funk', 'Soul', 'Psychedelic Soul']",Funk,Soul,Psychedelic Soul
Big Brother and the Holding Company,Cheap Thrills,1967.0,Rock,25.0,,"['Classic Rock', 'Hard Rock', 'Blues Rock']",Classic Rock,Hard Rock,Blues Rock
Big Star,#1 Record,1972.0,Rock,25.0,,"['Classic Rock', 'Hard Rock', 'Blues Rock']",Classic Rock,Hard Rock,Blues Rock
Bill Evans Trio,Sunday at the Village Vanguard,1961.0,Jazz,40.0,12/2/2023,"['Bebop', 'Smooth Jazz', 'Vocal Jazz']",Bebop,Smooth Jazz,Vocal Jazz
Bill Withers,Managerie,1977.0,Soul,15.0,,"['Classic Soul', 'R&B', 'Neo Soul']",Classic Soul,R&B,Neo Soul
Billie Holiday,Lady in Satin,1958.0,Jazz,10.0,,"['Jazz Vocal', 'Swing', 'Blues']",Jazz Vocal,Swing,Blues
Billy Eilish,Happier Than Ever,2021.0,Pop,0.0,,"['Pop Rock', 'Synth Pop', 'Dance Pop']",Pop Rock,Synth Pop,Dance Pop
Billy Joel,Piano Man,1973.0,Pop Rock,7.0,,"['Piano Rock', 'Soft Rock', 'Pop Rock']",Piano Rock,Soft Rock,Pop Rock
Billy Joel,Streetlife Serenade,1974.0,Pop Rock,7.0,,"['Piano Rock', 'Soft Rock', 'Pop Rock']",Piano Rock,Soft Rock,Pop Rock
Billy Joel,Turnstiles,1976.0,Pop Rock,7.0,,"['Piano Rock', 'Soft Rock', 'Pop Rock']",Piano Rock,Soft Rock,Pop Rock
Billy Joel,The Stranger,1977.0,Pop Rock,15.0,,"['Piano Rock', 'Soft Rock', 'Pop Rock']",Piano Rock,Soft Rock,Pop Rock
Billy Joel,52nd Street,1978.0,Pop Rock,7.0,,"['Piano Rock', 'Soft Rock', 'Pop Rock']",Piano Rock,Soft Rock,Pop Rock
Billy Joel,The Nylon Curtain,1982.0,Pop Rock,7.0,,"['Piano Rock', 'Soft Rock', 'Pop Rock']",Piano Rock,Soft Rock,Pop Rock
Billy Joel,An Innocent Man,1983.0,Pop Rock,2.0,,"['Piano Rock', 'Soft Rock', 'Pop Rock']",Piano Rock,Soft Rock,Pop Rock
Billy Squire,Don't Say No,1981.0,Rock,5.0,,"['Classic Rock', 'Hard Rock', 'Blues Rock']",Classic Rock,Hard Rock,Blues Rock
Billy Strings,Renewal,2021.0,Blues,0.0,,"['Bluegrass', 'Americana', 'Progressive Bluegrass']",Bluegrass,Americana,Progressive Bluegrass
Black Pumas,Black Pumas,2020.0,R&B,35.0,,"['Psychedelic Soul', 'Funk', 'Soul']",Psychedelic Soul,Funk,Soul
Black Sabbath,Paranoid,1970.0,Hard Rock,70.0,,"['Heavy Metal', 'Doom Metal', 'Hard Rock']",Heavy Metal,Doom Metal,Hard Rock
Black Sabbath,Master of Reality,1971.0,Hard Rock,35.0,,"['Heavy Metal', 'Doom Metal', 'Hard Rock']",Heavy Metal,Doom Metal,Hard Rock
Black Sabbath,Vol. 4,1972.0,Hard Rock,30.0,,"['Heavy Metal', 'Doom Metal', 'Hard Rock']",Heavy Metal,Doom Metal,Hard Rock
Black Sabbath,We Sold Our Soul For Rock 'N' Roll,1976.0,Hard Rock,30.0,,"['Heavy Metal', 'Doom Metal', 'Hard Rock']",Heavy Metal,Doom Metal,Hard Rock
Blink-182,Enema of the State,1999.0,Alternative Rock,30.0,,"['Pop Punk', 'Skate Punk', 'Alternative Rock']",Pop Punk,Skate Punk,Alternative Rock
Blink-182,California,2016.0,Alternative Rock,30.0,,"['Pop Punk', 'Skate Punk', 'Alternative Rock']",Pop Punk,Skate Punk,Alternative Rock
Bo Diddley,Bo Diddley,1958.0,Rock,23.0,,"['Classic Rock', 'Hard Rock', 'Blues Rock']",Classic Rock,Hard Rock,Blues Rock
Bob Dylan,Highway 61 Revisited,1965.0,Rock,25.0,,"['Classic Rock', 'Hard Rock', 'Blues Rock']",Classic Rock,Hard Rock,Blues Rock
Bob Marley and The Wailers,Catch a Fire,1973.0,Reggae,37.0,,"['Reggae', 'Roots Reggae', 'Dub']",Reggae,Roots Reggae,Dub
Bob Marley and The Wailers,Exodus,1977.0,Reggae,37.0,,"['Reggae', 'Roots Reggae', 'Dub']",Reggae,Roots Reggae,Dub
Bob Marley and The Wailers,Uprising,1980.0,Reggae,20.0,,"['Reggae', 'Roots Reggae', 'Dub']",Reggae,Roots Reggae,Dub
Bob Marley and The Wailers,Legend,2020.0,Reggae,36.0,,"['Reggae', 'Roots Reggae', 'Dub']",Reggae,Roots Reggae,Dub
Bob Marley and The Wailers,Live,2020.0,Reggae,30.0,,"['Reggae', 'Roots Reggae', 'Dub']",Reggae,Roots Reggae,Dub
Bob Seger and the Silver Bullet Band,Night Moves,1976.0,Rock,5.0,,"['Classic Rock', 'Hard Rock', 'Blues Rock']",Classic Rock,Hard Rock,Blues Rock
Bob Seger and the Silver Bullet Band,Stranger in Town,1978.0,Rock,5.0,,"['Classic Rock', 'Hard Rock', 'Blues Rock']",Classic Rock,Hard Rock,Blues Rock
Bobby Caldwell,What You Won't Do For Love,1978.0,Soul,30.0,6/28/2023,"['Blue-Eyed Soul', 'Smooth Jazz', 'R&B']",Blue-Eyed Soul,Smooth Jazz,R&B
Bon Iver,Bon Iver,2011.0,Indie,0.0,,"['Indie Folk', 'Experimental Folk', 'Chamber Folk']",Indie Folk,Experimental Folk,Chamber Folk
Bon Jovi,Slippery When Wet,1986.0,Hard Rock,20.0,,"['Hard Rock', 'Glam Metal', 'Arena Rock']",Hard Rock,Glam Metal,Arena Rock
Boo and The Tru-Tones,Show the World,1974.0,Soul,15.0,3/16/2024,"['Reggae', 'Ska', 'Rocksteady']",Reggae,Ska,Rocksteady
Booker T. & The M.G.s,Green Onions,1962.0,R&B,,,"['Soul', 'R&B', 'Instrumental Rock']",Soul,R&B,Instrumental Rock
Boston,Boston,1976.0,Rock,30.0,,"['Classic Rock', 'Hard Rock', 'Blues Rock']",Classic Rock,Hard Rock,Blues Rock
Boston,Don't Look Back,1978.0,Rock,7.0,,"['Classic Rock', 'Hard Rock', 'Blues Rock']",Classic Rock,Hard Rock,Blues Rock
Bowling For Soup,"Older, Fatter, Still The Greatest Ever",2018.0,Alternative Rock,30.0,,"['Pop Punk', 'Alternative Rock', 'Power Pop']",Pop Punk,Alternative Rock,Power Pop
Brand New,yourfavoriteweapon,2011.0,Alternative Rock,26.0,,"['Emo', 'Post-Hardcore', 'Alternative Rock']",Emo,Post-Hardcore,Alternative Rock
Brian Bennett,Voyage - (A Journey into Discoid Funk),1978.0,Discoid Funk,27.0,7/11/2023,"['Jazz Fusion', 'Easy Listening', 'Soundtrack']",Jazz Fusion,Easy Listening,Soundtrack
Bruce Springsteen,Born to Run,1975.0,Rock,10.0,,"['Classic Rock', 'Hard Rock', 'Blues Rock']",Classic Rock,Hard Rock,Blues Rock
Bruce Springsteen,Darkness on the Edge of Town,1978.0,Rock,,,"['Classic Rock', 'Hard Rock', 'Blues Rock']",Classic Rock,Hard Rock,Blues Rock
Bruce Springsteen & The E Street Band,"Hammersmith Odeon, London '75",2017.0,Rock,,,"['Classic Rock', 'Hard Rock', 'Blues Rock']",Classic Rock,Hard Rock,Blues Rock
Burna Boy,Twice as Tall,2020.0,Afrobeat,32.0,,"['Afrobeat', 'Dancehall', 'Reggae Fusion']",Afrobeat,Dancehall,Reggae Fusion
Burnin Spear,Harder Than the Best,1979.0,Reggae,30.0,,"['Roots Reggae', 'Dub', 'Reggae']",Roots Reggae,Dub,Reggae
Busty and the Bass,Uncommon Good,2017.0,Alternative,22.0,,"['Funk', 'Soul', 'Jazz Fusion']",Funk,Soul,Jazz Fusion
Busty and the Bass,Eddie,2020.0,Alternative,22.0,,"['Funk', 'Soul', 'Jazz Fusion']",Funk,Soul,Jazz Fusion
Caetano Veloso,Caetano Veloso,1969.0,Bossa Nova,25.0,4/16/2024,"['MPB (Música Popular Brasileira)', 'Tropicália', 'Bossa Nova']",MPB (Música Popular Brasileira),Tropicália,Bossa Nova
Casiopea,Mint Jams,1982.0,Jazz,74.0,,"['Bebop', 'Smooth Jazz', 'Vocal Jazz']",Bebop,Smooth Jazz,Vocal Jazz
Charlie Byrd,Charlie Byrd Plays the Greatest Hits of the 60's,1969.0,Jazz,5.0,,"['Bebop', 'Smooth Jazz', 'Vocal Jazz']",Bebop,Smooth Jazz,Vocal Jazz
Charlie Parker,"""Bird"" Symbols",1961.0,Jazz,15.0,,"['Bebop', 'Smooth Jazz', 'Vocal Jazz']",Bebop,Smooth Jazz,Vocal Jazz
Chicago,Chiago's Greatest Hits,1975.0,Rock,8.0,,"['Classic Rock', 'Hard Rock', 'Blues Rock']",Classic Rock,Hard Rock,Blues Rock
Childish Gambino,because the internet,2013.0,Hip Hop,32.0,,"['Old School Hip Hop', 'Conscious Hip Hop', 'Alternative Hip Hop']",Old School Hip Hop,Conscious Hip Hop,Alternative Hip Hop
Christopher Larkin,Hollow Knight,2017.0,Soundtrack,35.0,,"['Video Game Music', 'Soundtrack', 'Ambient']",Video Game Music,Soundtrack,Ambient
Chuck Berry,Berry is on Top,2015.0,Rock,,,"['Classic Rock', 'Hard Rock', 'Blues Rock']",Classic Rock,Hard Rock,Blues Rock
Congo Natty,Jungle Revolution,2013.0,Jungle,35.0,4/16/2024,"['Jungle', 'Drum and Bass', 'Reggae']",Jungle,Drum and Bass,Reggae
Count Buffalo & The Jazz Rock Band,Soul & Rock,1969.0,Soul,53.0,9/7/2023,"['Jazz Rock', 'Fusion', 'Latin Jazz']",Jazz Rock,Fusion,Latin Jazz
Creedence Clearwater Revival,Chronicle,1976.0,Rock,,,"['Classic Rock', 'Hard Rock', 'Blues Rock']",Classic Rock,Hard Rock,Blues Rock
Crosby Stills Nash and Young,So Far,1974.0,Folk Rock,,,"['Folk Rock', 'Country Rock', 'Classic Rock']",Folk Rock,Country Rock,Classic Rock
Culture,Two Sevens Clash,1978.0,Reggae,30.0,,"['Roots Reggae', 'Dub', 'Reggae']",Roots Reggae,Dub,Reggae
Curtis Mayfield,Curtis Live!,1971.0,R&B,,,"['Soul', 'Funk', 'R&B']",Soul,Funk,R&B
Curtis Mayfield ,Curtis,1970.0,Soul,26.0,,"['Classic Soul', 'R&B', 'Neo Soul']",Classic Soul,R&B,Neo Soul
D'Angelo,Voodoo,1999.0,R&B,70.0,,"['Neo Soul', 'R&B', 'Funk']",Neo Soul,R&B,Funk
Dadawah,Peace and Love,1974.0,Reggae,30.0,,"['Reggae', 'Roots Reggae', 'Nyabinghi']",Reggae,Roots Reggae,Nyabinghi
Daft Punk,Homework,1996.0,Electronic,35.0,,"['Electronic', 'House', 'Disco']",Electronic,House,Disco
Daft Punk,Discovery,2001.0,Electronic,30.0,,"['Electronic', 'House', 'Disco']",Electronic,House,Disco
Daft Punk,Alive 2007,2007.0,Electronic,150.0,,"['Electronic', 'House', 'Disco']",Electronic,House,Disco
Daft Punk,Random Access Memories,2013.0,Electronic,28.0,,"['Electronic', 'House', 'Disco']",Electronic,House,Disco
Daft Punk,Random Access Memories (10th Anniversary Edition),2023.0,Electronic,50.0,,"['Electronic', 'House', 'Disco']",Electronic,House,Disco
David Bowie,Hunky Dory,1971.0,Rock,,,"['Classic Rock', 'Hard Rock', 'Blues Rock']",Classic Rock,Hard Rock,Blues Rock
David Bowie,Ziggy Stardust and the Spiders from Mars,1972.0,Rock,,,"['Classic Rock', 'Hard Rock', 'Blues Rock']",Classic Rock,Hard Rock,Blues Rock
David Bowie,Diamond Dogs,1974.0,Rock,,,"['Classic Rock', 'Hard Rock', 'Blues Rock']",Classic Rock,Hard Rock,Blues Rock
David Bowie,Changes One,1976.0,Rock,,,"['Classic Rock', 'Hard Rock', 'Blues Rock']",Classic Rock,Hard Rock,Blues Rock
David Bowie,Live Nassau Coliseum '76,1976.0,Rock,,,"['Classic Rock', 'Hard Rock', 'Blues Rock']",Classic Rock,Hard Rock,Blues Rock
David Bowie,Station To Station,1976.0,Rock,0.0,,"['Classic Rock', 'Hard Rock', 'Blues Rock']",Classic Rock,Hard Rock,Blues Rock
David Byrne,David Byrne Live From Austin Texas,2017.0,Prog Rock,28.0,,"['Art Rock', 'New Wave', 'Worldbeat']",Art Rock,New Wave,Worldbeat
David Gilmour,Live at Pompeii,2017.0,Pscyhadelic Rock,86.0,7/24/2023,"['Progressive Rock', 'Psychedelic Rock', 'Blues Rock']",Progressive Rock,Psychedelic Rock,Blues Rock
Deep Purple,Machine Head,1972.0,Rock,,,"['Classic Rock', 'Hard Rock', 'Blues Rock']",Classic Rock,Hard Rock,Blues Rock
Def Leppard,Pyromania,1983.0,Hair Metal,,,"['Hard Rock', 'Glam Metal', 'Arena Rock']",Hard Rock,Glam Metal,Arena Rock
Def Leppard,Hysteria,1987.0,Hair Metal,,,"['Hard Rock', 'Glam Metal', 'Arena Rock']",Hard Rock,Glam Metal,Arena Rock
Del Jones,Court is Closed,2022.0,Pschadelic Rock,50.0,7/11/2023,"['Funk', 'Soul', 'Psychedelic Soul']",Funk,Soul,Psychedelic Soul
Deltron 3030,Deltron 3030,2000.0,Rap,30.0,,"['East Coast Hip Hop', 'Gangsta Rap', 'Trap']",East Coast Hip Hop,Gangsta Rap,Trap
Derek and The Dominoes,Layla and Other Assorted Love Songs,1972.0,Rock,,,"['Classic Rock', 'Hard Rock', 'Blues Rock']",Classic Rock,Hard Rock,Blues Rock
Diana Ross and the Supremes,Greatest Hits,1967.0,Soul,,,"['Classic Soul', 'R&B', 'Neo Soul']",Classic Soul,R&B,Neo Soul
Dio,Holy Diver,1983.0,Hard Rock,30.0,,"['Heavy Metal', 'Hard Rock', 'Power Metal']",Heavy Metal,Hard Rock,Power Metal
Dire Straites,Making Movies,1980.0,Rock,,,"['Classic Rock', 'Hard Rock', 'Blues Rock']",Classic Rock,Hard Rock,Blues Rock
Dire Straites,Brothers in Arms,1985.0,Rock,,,"['Classic Rock', 'Hard Rock', 'Blues Rock']",Classic Rock,Hard Rock,Blues Rock
Dire Straits,Dire Straits,1978.0,Rock,,,"['Classic Rock', 'Hard Rock', 'Blues Rock']",Classic Rock,Hard Rock,Blues Rock
Don Henley ,Building the Perfect Beast,1984.0,Rock,,,"['Classic Rock', 'Hard Rock', 'Blues Rock']",Classic Rock,Hard Rock,Blues Rock
Donna Summer,Bad Girls,1979.0,Disco,10.0,,"['Disco', 'Dance', 'Pop']",Disco,Dance,Pop
Donnie and Joe Emerson,Dreamin' Wild,1979.0,Funk,29.0,8/5/2023,"['Psychedelic Rock', 'Soft Rock', 'Dream Pop']",Psychedelic Rock,Soft Rock,Dream Pop
Dr. Buzzard's Original Savannah Band,Dr. Buzzard's Original Savannah Band,1976.0,Disco,12.0,,"['Disco', 'Big Band', 'Swing']",Disco,Big Band,Swing
Dr. Dre,The Chronic,1982.0,Rap,33.0,,"['East Coast Hip Hop', 'Gangsta Rap', 'Trap']",East Coast Hip Hop,Gangsta Rap,Trap
Dr. Dre,2001,2019.0,Rap,34.0,,"['East Coast Hip Hop', 'Gangsta Rap', 'Trap']",East Coast Hip Hop,Gangsta Rap,Trap
Dua Lipa,Future Nostalgia,2020.0,Pop,,,"['Pop Rock', 'Synth Pop', 'Dance Pop']",Pop Rock,Synth Pop,Dance Pop
Earth Wind and Fire,Head to the Sky,1973.0,R&B,,,"['Funk', 'Soul', 'R&B']",Funk,Soul,R&B
Earth Wind and Fire,That's the Way of the World,1975.0,R&B,,,"['Funk', 'Soul', 'R&B']",Funk,Soul,R&B
Earth Wind and Fire,All 'n All,1977.0,R&B,,,"['Funk', 'Soul', 'R&B']",Funk,Soul,R&B
Earth Wind and Fire,I Am,1979.0,R&B,,,"['Funk', 'Soul', 'R&B']",Funk,Soul,R&B
Earth Wind and Fire,The Best of Earth Wind and Fire,2015.0,R&B,,,"['Funk', 'Soul', 'R&B']",Funk,Soul,R&B
Ed Sheeran,÷,2017.0,Pop,28.0,,"['Pop Rock', 'Synth Pop', 'Dance Pop']",Pop Rock,Synth Pop,Dance Pop
Eddie Money,Eddie Money,1977.0,Pop,,,"['Pop Rock', 'Synth Pop', 'Dance Pop']",Pop Rock,Synth Pop,Dance Pop
Electric Light Orchestra,Face the Music,1975.0,Rock,5.0,,"['Classic Rock', 'Hard Rock', 'Blues Rock']",Classic Rock,Hard Rock,Blues Rock
Electric Light Orchestra,A New World Record,1976.0,Rock,22.0,,"['Classic Rock', 'Hard Rock', 'Blues Rock']",Classic Rock,Hard Rock,Blues Rock
Electric Light Orchestra,ELO's Greatest Hits,1979.0,Rock,10.0,,"['Classic Rock', 'Hard Rock', 'Blues Rock']",Classic Rock,Hard Rock,Blues Rock
Electric Light Orchestra,Xanadu,1980.0,Rock,10.0,,"['Classic Rock', 'Hard Rock', 'Blues Rock']",Classic Rock,Hard Rock,Blues Rock
Electric Light Orchestra,Secret Messages,1983.0,Rock,25.0,,"['Classic Rock', 'Hard Rock', 'Blues Rock']",Classic Rock,Hard Rock,Blues Rock
Elton John,Madman Across the Water,1971.0,Rock,,,"['Classic Rock', 'Hard Rock', 'Blues Rock']",Classic Rock,Hard Rock,Blues Rock
Elton John,Goodbye Yellow Brick Road,1973.0,Rock,,,"['Classic Rock', 'Hard Rock', 'Blues Rock']",Classic Rock,Hard Rock,Blues Rock
Elton John,Greatest Hits,1974.0,Rock,,,"['Classic Rock', 'Hard Rock', 'Blues Rock']",Classic Rock,Hard Rock,Blues Rock
Elton John,Too Low For Zero,1983.0,Rock,8.0,,"['Classic Rock', 'Hard Rock', 'Blues Rock']",Classic Rock,Hard Rock,Blues Rock
Elton John,Elton John Live in Australia with the melbourne symphony orchestra,1987.0,Rock,,,"['Classic Rock', 'Hard Rock', 'Blues Rock']",Classic Rock,Hard Rock,Blues Rock
Elvis Costello,My Aim is True,1977.0,New Wave,,,"['New Wave', 'Punk Rock', 'Pub Rock']",New Wave,Punk Rock,Pub Rock
Elvis Presley,The Sun Sessions,1976.0,Rock,,,"['Classic Rock', 'Hard Rock', 'Blues Rock']",Classic Rock,Hard Rock,Blues Rock
Eminem,Curtain Call - The Hits,2005.0,Rap,28.0,,"['East Coast Hip Hop', 'Gangsta Rap', 'Trap']",East Coast Hip Hop,Gangsta Rap,Trap
Empire of The Sun,Two Vines,2015.0,Dance Pop,20.0,,"['Electropop', 'Synthpop', 'Indietronica']",Electropop,Synthpop,Indietronica
Eric Clapton,Slowhand,1977.0,Rock,,,"['Classic Rock', 'Hard Rock', 'Blues Rock']",Classic Rock,Hard Rock,Blues Rock
Eric Clapton,Timepieces,1982.0,Rock,,,"['Classic Rock', 'Hard Rock', 'Blues Rock']",Classic Rock,Hard Rock,Blues Rock
Eric Clapton,Eric Clapton Unplugged,1992.0,Rock,36.0,,"['Classic Rock', 'Hard Rock', 'Blues Rock']",Classic Rock,Hard Rock,Blues Rock
Evanescence,Fallen,2020.0,Nu Metal,,,"['Alternative Metal', 'Gothic Rock', 'Nu Metal']",Alternative Metal,Gothic Rock,Nu Metal
Fall Out Boy,Take This to Your Grave,2003.0,Pop Rock,22.0,,"['Pop Punk', 'Emo Pop', 'Alternative Rock']",Pop Punk,Emo Pop,Alternative Rock
Fall Out Boy,From Under The Cork Tree,2005.0,Pop Rock,22.0,,"['Pop Punk', 'Emo Pop', 'Alternative Rock']",Pop Punk,Emo Pop,Alternative Rock
Fall Out Boy,Infinity on High,2007.0,Pop Rock,22.0,,"['Pop Punk', 'Emo Pop', 'Alternative Rock']",Pop Punk,Emo Pop,Alternative Rock
Fall Out Boy,Folie à Deux,2008.0,Pop Rock,22.0,,"['Pop Punk', 'Emo Pop', 'Alternative Rock']",Pop Punk,Emo Pop,Alternative Rock
Fall Out Boy,Save Rock and Roll: Pax-Am Edition,2013.0,Pop Rock,22.0,,"['Pop Punk', 'Emo Pop', 'Alternative Rock']",Pop Punk,Emo Pop,Alternative Rock
Fall Out Boy,American Beauty/American Psycho,2015.0,Pop Rock,22.0,,"['Pop Punk', 'Emo Pop', 'Alternative Rock']",Pop Punk,Emo Pop,Alternative Rock
Fall Out Boy,Mania,2018.0,Pop Rock,22.0,,"['Pop Punk', 'Emo Pop', 'Alternative Rock']",Pop Punk,Emo Pop,Alternative Rock
Fela,Zombie,1976.0,Afrobeat,30.0,,"['Afrobeat', 'Highlife', 'Jazz']",Afrobeat,Highlife,Jazz
Fiona Apple,Fetch The Bolt Cutters,2020.0,Indie,29.0,,"['Art Pop', 'Baroque Pop', 'Singer-Songwriter']",Art Pop,Baroque Pop,Singer-Songwriter
Fitz and the Tantrums,Pickin Up The Pieces,2010.0,Pop,,,"['Pop Rock', 'Synth Pop', 'Dance Pop']",Pop Rock,Synth Pop,Dance Pop
Fitz and the Tantrums,Fitz and the Tantrums,2016.0,Pop,35.0,,"['Pop Rock', 'Synth Pop', 'Dance Pop']",Pop Rock,Synth Pop,Dance Pop
Fleetwood Mac,Fleetwood Mac,1975.0,Rock,,,"['Classic Rock', 'Hard Rock', 'Blues Rock']",Classic Rock,Hard Rock,Blues Rock
Fleetwood Mac,Rumors,1977.0,Rock,0.0,,"['Classic Rock', 'Hard Rock', 'Blues Rock']",Classic Rock,Hard Rock,Blues Rock
Flower Travellin Band,Anywhere,1970.0,City Pop,27.0,,"['Psychedelic Rock', 'Heavy Metal', 'Blues Rock']",Psychedelic Rock,Heavy Metal,Blues Rock
Flume,Skin,2016.0,Electronic,28.0,,"['Electronic', 'Future Bass', 'Downtempo']",Electronic,Future Bass,Downtempo
Foo Fighters,"Echoes, Silence, Patience & Grace",2007.0,Alternative Rock,19.0,,"['Alternative Rock', 'Post-Grunge', 'Hard Rock']",Alternative Rock,Post-Grunge,Hard Rock
Foo Fighters,The Colour and the Shape,1997.0,Rock,28.0,,"['Classic Rock', 'Hard Rock', 'Blues Rock']",Classic Rock,Hard Rock,Blues Rock
Foo Fighters,Dee Gees - Hail Satin,2021.0,Rock,200.0,,"['Classic Rock', 'Hard Rock', 'Blues Rock']",Classic Rock,Hard Rock,Blues Rock
Foreigner,Double Vision,1978.0,Rock,,,"['Classic Rock', 'Hard Rock', 'Blues Rock']",Classic Rock,Hard Rock,Blues Rock
Foreigner,4,1981.0,Rock,,,"['Classic Rock', 'Hard Rock', 'Blues Rock']",Classic Rock,Hard Rock,Blues Rock
Foreigner,Records,1982.0,Rock,,,"['Classic Rock', 'Hard Rock', 'Blues Rock']",Classic Rock,Hard Rock,Blues Rock
Frank Ocean,Channel Orange,2012.0,Soul,80.0,,"['Classic Soul', 'R&B', 'Neo Soul']",Classic Soul,R&B,Neo Soul
Frank Ocean,Blond,2021.0,Soul,50.0,,"['Classic Soul', 'R&B', 'Neo Soul']",Classic Soul,R&B,Neo Soul
Freddie McGregor,Freddie,1979.0,Reggae,26.0,,"['Reggae', 'Lovers Rock', 'Roots Reggae']",Reggae,Lovers Rock,Roots Reggae
Funkadelic,Maggot Brain,1971.0,Funk,25.0,,"['Funk', 'P-Funk', 'Psychedelic Funk']",Funk,P-Funk,Psychedelic Funk
Funkadelic,Free Your Mind...,1970.0,Funk,30.0,,"['Funk', 'P-Funk', 'Psychedelic Funk']",Funk,P-Funk,Psychedelic Funk
Garland Green,Love is What We Came Here For,1977.0,Soul,,,"['Classic Soul', 'R&B', 'Neo Soul']",Classic Soul,R&B,Neo Soul
Genesis,The Lamb Lies Down on Broadway,1974.0,Prog Rock,22.0,,"['Progressive Rock', 'Art Rock', 'Pop Rock']",Progressive Rock,Art Rock,Pop Rock
Genesis,Genesis,1983.0,Prog Rock,8.0,,"['Progressive Rock', 'Art Rock', 'Pop Rock']",Progressive Rock,Art Rock,Pop Rock
George Benson,Breezin,1976.0,Jazz,,,"['Bebop', 'Smooth Jazz', 'Vocal Jazz']",Bebop,Smooth Jazz,Vocal Jazz
Gerry Rafferty,City to City,1978.0,Rock,,,"['Classic Rock', 'Hard Rock', 'Blues Rock']",Classic Rock,Hard Rock,Blues Rock
Ginji Ito,Deadly Drive,1977.0,City Pop,50.0,8/26/2023,"['City Pop', 'Soft Rock', 'Jazz Fusion']",City Pop,Soft Rock,Jazz Fusion
Giorgio Moroder,From Here To Eternity,1977.0,Disco,18.0,,"['Disco', 'Electronic', 'Synthpop']",Disco,Electronic,Synthpop
Gladys Knight & The Pips,Imagination,1973.0,R&B,,,"['Soul', 'R&B', 'Gospel']",Soul,R&B,Gospel
Gladys Knight and The Pips,All The Greatest Hits,1972.0,R&B,,,"['Soul', 'R&B', 'Motown']",Soul,R&B,Motown
Glass Animal,How to be a Human Being,2016.0,Electronic,24.0,,"['General', 'General', 'General']",General,General,General
Gloria Gaynor,Love Tracks,1978.0,Disco,2.0,,"['Disco', 'Soul', 'Dance']",Disco,Soul,Dance
Gordon Lightfoot,Sundown,1973.0,Folk Rock,,,"['Folk Rock', 'Country Folk', 'Singer-Songwriter']",Folk Rock,Country Folk,Singer-Songwriter
Gorillaz,Gorillaz,2001.0,Alternative Rock,70.0,,"['Alternative Hip Hop', 'Trip Hop', 'Electropop']",Alternative Hip Hop,Trip Hop,Electropop
Gorillaz,G-Sides,2002.0,Alternative Rock,47.0,,"['Alternative Hip Hop', 'Trip Hop', 'Electropop']",Alternative Hip Hop,Trip Hop,Electropop
Gorillaz,Demon Days,2005.0,Alternative Rock,60.0,,"['Alternative Hip Hop', 'Trip Hop', 'Electropop']",Alternative Hip Hop,Trip Hop,Electropop
Gorillaz,D-Sides,2007.0,Alternative Rock,24.0,,"['Alternative Hip Hop', 'Trip Hop', 'Electropop']",Alternative Hip Hop,Trip Hop,Electropop
Gorillaz,Plastic Beach,2010.0,Alternative Rock,40.0,,"['Alternative Hip Hop', 'Trip Hop', 'Electropop']",Alternative Hip Hop,Trip Hop,Electropop
Gorillaz,The Fall,2010.0,Alternative Rock,30.0,,"['Alternative Hip Hop', 'Trip Hop', 'Electropop']",Alternative Hip Hop,Trip Hop,Electropop
Gorillaz,Humanz,2017.0,Alternative Rock,50.0,,"['Alternative Hip Hop', 'Trip Hop', 'Electropop']",Alternative Hip Hop,Trip Hop,Electropop
Gorillaz,The Now Now,2018.0,Alternative Rock,24.0,,"['Alternative Hip Hop', 'Trip Hop', 'Electropop']",Alternative Hip Hop,Trip Hop,Electropop
Gorillaz,Song Machine,2021.0,Alternative Rock,24.0,,"['Alternative Hip Hop', 'Trip Hop', 'Electropop']",Alternative Hip Hop,Trip Hop,Electropop
Gorillaz,Cracker Island,2023.0,Alternative Rock,30.0,,"['Alternative Hip Hop', 'Trip Hop', 'Electropop']",Alternative Hip Hop,Trip Hop,Electropop
Grateful Dead,Workingman's Dead,1970.0,Folk,,,"['Psychedelic Rock', 'Jam Band', 'Folk Rock']",Psychedelic Rock,Jam Band,Folk Rock
Grateful Dead,Skeletons From The Closet,1974.0,Folk,30.0,,"['Psychedelic Rock', 'Jam Band', 'Folk Rock']",Psychedelic Rock,Jam Band,Folk Rock
Grateful Dead,In the Dark,1987.0,Folk,,,"['Psychedelic Rock', 'Jam Band', 'Folk Rock']",Psychedelic Rock,Jam Band,Folk Rock
Green Day,Dookie,1994.0,Punk Rock,,,"['Pop Punk', 'Punk Rock', 'Alternative Rock']",Pop Punk,Punk Rock,Alternative Rock
Green Day,International Superhits!,2001.0,Punk Rock,,,"['Pop Punk', 'Punk Rock', 'Alternative Rock']",Pop Punk,Punk Rock,Alternative Rock
Green Day,"MTV Broadcast, Aragon Ballroom Chicago, November 10th, 1994",2015.0,Punk Rock,24.0,,"['Pop Punk', 'Punk Rock', 'Alternative Rock']",Pop Punk,Punk Rock,Alternative Rock
Green Day,American Idiot,2004.0,Rock,,,"['Classic Rock', 'Hard Rock', 'Blues Rock']",Classic Rock,Hard Rock,Blues Rock
Green Day,21st Century Breakdown,2009.0,Rock,,,"['Classic Rock', 'Hard Rock', 'Blues Rock']",Classic Rock,Hard Rock,Blues Rock
Green Day,Revolution Radio,2016.0,Rock,20.0,,"['Classic Rock', 'Hard Rock', 'Blues Rock']",Classic Rock,Hard Rock,Blues Rock
Green Day,Greatest Hits: God's Favorite Band,2017.0,Rock,,,"['Classic Rock', 'Hard Rock', 'Blues Rock']",Classic Rock,Hard Rock,Blues Rock
Green Day,The Original Broadway Cast Recording American Idiot,2010.0,Soundtrack,275.0,,"['Pop Punk', 'Punk Rock', 'Alternative Rock']",Pop Punk,Punk Rock,Alternative Rock
Green Day ,BBC Sessions,2021.0,Punk Rock,34.0,,"['General', 'General', 'General']",General,General,General
Greta Van Fleet,From the Fires,2019.0,Rock,,,"['Classic Rock', 'Hard Rock', 'Blues Rock']",Classic Rock,Hard Rock,Blues Rock
Guns N' Roses,Appetite For Destruction,1987.0,Metal,,,"['Hard Rock', 'Glam Metal', 'Blues Rock']",Hard Rock,Glam Metal,Blues Rock
Hank Mobley,Soul Station,1960.0,Jazz,33.0,12/2/2023,"['Bebop', 'Smooth Jazz', 'Vocal Jazz']",Bebop,Smooth Jazz,Vocal Jazz
Harold Land Qunitet,The Peace-Maker,1967.0,Jazz,35.0,12/2/2023,"['Bebop', 'Smooth Jazz', 'Vocal Jazz']",Bebop,Smooth Jazz,Vocal Jazz
Harry Styles,Fine Line,2019.0,Pop,37.0,,"['Pop Rock', 'Synth Pop', 'Dance Pop']",Pop Rock,Synth Pop,Dance Pop
Harry Styles,Harry's House,2022.0,Pop,35.0,,"['Pop Rock', 'Synth Pop', 'Dance Pop']",Pop Rock,Synth Pop,Dance Pop
Haruomi Hosono,Hosono House,1973.0,City Pop,38.0,,"['Electronic', 'Ambient', 'City Pop']",Electronic,Ambient,City Pop
Heart,Little Queen,1977.0,Rock,10.0,,"['Classic Rock', 'Hard Rock', 'Blues Rock']",Classic Rock,Hard Rock,Blues Rock
Heart-Soul and Inspiration,Heart-Soul and Inspiration,1974.0,Soul,15.0,3/16/2024,"['Classic Soul', 'R&B', 'Neo Soul']",Classic Soul,R&B,Neo Soul
Henry Mancini and His Orchestra,The Pink Panther,1963.0,Soundtrack,10.0,,"['Soundtrack', 'Easy Listening', 'Jazz']",Soundtrack,Easy Listening,Jazz
Herb Albert and the Tijuana Brass,Going Places,1965.0,Jazz,1.0,,"['Bebop', 'Smooth Jazz', 'Vocal Jazz']",Bebop,Smooth Jazz,Vocal Jazz
Herbie Hancock,Headhunters,1973.0,Jazz,45.0,,"['Bebop', 'Smooth Jazz', 'Vocal Jazz']",Bebop,Smooth Jazz,Vocal Jazz
Hikaru Utada,ONE LAST KISS,2021.0,J-Pop,32.0,3/13/2024,"['J-Pop', 'R&B', 'Dance Pop']",J-Pop,R&B,Dance Pop
Hiromi Iwasaki,Wish,1980.0,City Pop,66.0,1/29/2024,"['City Pop', 'Kayokyoku', 'Pop']",City Pop,Kayokyoku,Pop
Hiroshi Sato,Time,1977.0,City Pop,50.0,,"['City Pop', 'Synth Pop', 'Jazz Fusion']",City Pop,Synth Pop,Jazz Fusion
Hiroshi Sato,Oracle,1996.0,City Pop,70.0,,"['City Pop', 'Synth Pop', 'Jazz Fusion']",City Pop,Synth Pop,Jazz Fusion
Hiroshi Sato,awakening,2022.0,City Pop,55.0,,"['City Pop', 'Synth Pop', 'Jazz Fusion']",City Pop,Synth Pop,Jazz Fusion
Hiroshi Suzuki,Cat,1975.0,Jazz,37.0,,"['Bebop', 'Smooth Jazz', 'Vocal Jazz']",Bebop,Smooth Jazz,Vocal Jazz
Hiroshi Yoshimura,Green,1986.0,Ambient Jazz,30.0,,"['Ambient', 'New Age', 'Minimalism']",Ambient,New Age,Minimalism
Hitomi Tohyama,Just Call Me Penny,1981.0,City Pop,52.0,,"['City Pop', 'R&B', 'Funk']",City Pop,R&B,Funk
Hitomi Tohyama,Next Door,1983.0,City Pop,50.0,,"['City Pop', 'R&B', 'Funk']",City Pop,R&B,Funk
Homeboy and the C.O.L.,Homeboy and the C.O.L.,1982.0,Boogie,38.0,,"['Funk', 'Soul', 'Boogie']",Funk,Soul,Boogie
Howlin' Wolf,Howlin' Wolf,2013.0,Blues,,,"['Blues', 'Chicago Blues', 'Electric Blues']",Blues,Chicago Blues,Electric Blues
Howling Wolf,Big City Blues,1970.0,Blues,,,"['Blues', 'Chicago Blues', 'Electric Blues']",Blues,Chicago Blues,Electric Blues
Hozan Yamamoto,With Sharps and Flats,1971.0,Jazz,28.0,2/29/2024,"['Bebop', 'Smooth Jazz', 'Vocal Jazz']",Bebop,Smooth Jazz,Vocal Jazz
Imagine Dragons,Night Visions,2012.0,Pop Rock,,,"['Pop Rock', 'Alternative Rock', 'Electropop']",Pop Rock,Alternative Rock,Electropop
Inoue Takayuki Band,Taiyou Ni Hoero!,1975.0,Jazz,10.0,,"['Bebop', 'Smooth Jazz', 'Vocal Jazz']",Bebop,Smooth Jazz,Vocal Jazz
Iron Maiden,Killers,1981.0,Metal,30.0,,"['Heavy Metal', 'NWOBHM', 'Hard Rock']",Heavy Metal,NWOBHM,Hard Rock
Iron Maiden,The Number of the Beast,1982.0,Metal,,,"['Heavy Metal', 'NWOBHM', 'Hard Rock']",Heavy Metal,NWOBHM,Hard Rock
Iron Maiden,Piece of Mind,1983.0,Metal,,,"['Heavy Metal', 'NWOBHM', 'Hard Rock']",Heavy Metal,NWOBHM,Hard Rock
Issei Okomoto,Moonlight Mystery,1980.0,City Pop,53.0,,"['City Pop', 'Jazz Fusion', 'J-Pop']",City Pop,Jazz Fusion,J-Pop
J Dilla,Donuts,2006.0,Hip Hop,37.0,,"['Hip Hop', 'Instrumental Hip Hop', 'Jazz Rap']",Hip Hop,Instrumental Hip Hop,Jazz Rap
J. Cole,2014 Forest Hills Drive,2015.0,Rap,30.0,,"['East Coast Hip Hop', 'Gangsta Rap', 'Trap']",East Coast Hip Hop,Gangsta Rap,Trap
Jai Paul,Bait Ones,2023.0,Jai Wave,100.0,,"['Alternative R&B', 'Electronic', 'Funk']",Alternative R&B,Electronic,Funk
James Gang,rides again,1970.0,Rock,5.0,,"['Classic Rock', 'Hard Rock', 'Blues Rock']",Classic Rock,Hard Rock,Blues Rock
Jay-Z,The Blueprint,2001.0,Hip Hop,30.0,,"['East Coast Hip Hop', 'Hardcore Hip Hop', 'Rap']",East Coast Hip Hop,Hardcore Hip Hop,Rap
Jay-Z,The Black Album,2003.0,Hip Hop,28.0,,"['East Coast Hip Hop', 'Hardcore Hip Hop', 'Rap']",East Coast Hip Hop,Hardcore Hip Hop,Rap
Jaye P. Morgan,Jaye P. Morgan,1976.0,Funk,33.0,7/26/2023,"['Traditional Pop', 'Jazz', 'Vocal']",Traditional Pop,Jazz,Vocal
Jazz Dispensary,Super Skunk,2022.0,Jazz,30.0,,"['Bebop', 'Smooth Jazz', 'Vocal Jazz']",Bebop,Smooth Jazz,Vocal Jazz
Jefferson Starship,Freedom at Point Zero,1979.0,Rock,,,"['Classic Rock', 'Hard Rock', 'Blues Rock']",Classic Rock,Hard Rock,Blues Rock
Jethro Tull,M.U. - The Best of Jethro Tull,1976.0,Progressive Rock,10.0,,"['Progressive Rock', 'Folk Rock', 'Hard Rock']",Progressive Rock,Folk Rock,Hard Rock
Jethro Tull,Aqualung,1971.0,Progressive Rock,,,"['Progressive Rock', 'Folk Rock', 'Hard Rock']",Progressive Rock,Folk Rock,Hard Rock
Jim Sullivan,U.F.O.,1975.0,Pscyhadelic Folk,28.0,8/5/2023,"['Psychedelic Folk', 'Singer-Songwriter', 'Country Rock']",Psychedelic Folk,Singer-Songwriter,Country Rock
Jimi Hendrix,Woodstock Bootleg,1969.0,Rock,50.0,,"['Classic Rock', 'Hard Rock', 'Blues Rock']",Classic Rock,Hard Rock,Blues Rock
Jimmy Buffet,Changes in Lattitudes - Changes in Attitudes,1977.0,Folk Rock,,,"['Trop Rock', 'Country Rock', 'Folk Rock']",Trop Rock,Country Rock,Folk Rock
Jimmy Cliff,The Harder They Come,1972.0,Reggae,30.0,,"['Reggae', 'Rocksteady', 'Ska']",Reggae,Rocksteady,Ska
Jimmy Cliff,Struggling Man,1973.0,Reggae,32.0,,"['Reggae', 'Rocksteady', 'Ska']",Reggae,Rocksteady,Ska
Jimmy Cliff,"Wonderful World, Beautiful People",1970.0,Reggae,15.0,1/21/2024,"['Reggae', 'Rocksteady', 'Ska']",Reggae,Rocksteady,Ska
Jiro Inagaki and His Soul Media,Funky Stuff,1975.0,Jazz,52.0,1/26/2024,"['Bebop', 'Smooth Jazz', 'Vocal Jazz']",Bebop,Smooth Jazz,Vocal Jazz
Joe Higgs,Unity is Power,1979.0,Reggae,26.0,,"['Reggae', 'Roots Reggae', 'Dub']",Reggae,Roots Reggae,Dub
John Coltrane,Soultrane,1967.0,Jazz,30.0,,"['Jazz', 'Modal Jazz', 'Bebop']",Jazz,Modal Jazz,Bebop
John Denver,John Denver's Greatest Hits,1973.0,Folk,,,"['Folk', 'Country', 'Singer-Songwriter']",Folk,Country,Singer-Songwriter
John Lennon,Imagine,1971.0,Rock,40.0,,"['Rock', 'Singer-Songwriter', 'Classic Rock']",Rock,Singer-Songwriter,Classic Rock
Johnny Cash,At Folsom Prison,1968.0,Country,,,"['Country', 'Rockabilly', 'Folk']",Country,Rockabilly,Folk
Joni Mitchell,Blue,1972.0,Rock,70.0,,"['Classic Rock', 'Hard Rock', 'Blues Rock']",Classic Rock,Hard Rock,Blues Rock
Journey,Captured,1981.0,Rock,,,"['Rock', 'Arena Rock', 'Hard Rock']",Rock,Arena Rock,Hard Rock
Journey,Greatest Hits,1988.0,Rock,,8/21/2016,"['Rock', 'Arena Rock', 'Hard Rock']",Rock,Arena Rock,Hard Rock
Joy Division,Unknown Pleasures,1979.0,Post-Punk,30.0,,"['Post-Punk', 'Gothic Rock', 'Alternative Rock']",Post-Punk,Gothic Rock,Alternative Rock
Judas Priest,British Steel,1980.0,Heavy Metal,,,"['Heavy Metal', 'Hard Rock', 'NWOBHM']",Heavy Metal,Hard Rock,NWOBHM
Judas Priest,Screaming For Vengeance,1982.0,Heavy Metal,25.0,,"['Heavy Metal', 'Hard Rock', 'NWOBHM']",Heavy Metal,Hard Rock,NWOBHM
Jukebox the Ghost,Off to the Races,2018.0,Indie Pop,,,"['Indie Pop', 'Power Pop', 'Alternative Rock']",Indie Pop,Power Pop,Alternative Rock
Jungle,Jungle,2014.0,R&B,15.0,,"['Funk', 'Neo-Soul', 'Electronic']",Funk,Neo-Soul,Electronic
Junior Wells,Hoodoo Man Blues,1991.0,Blues,,,"['Chicago Blues', 'Harmonica Blues', 'Electric Blues']",Chicago Blues,Harmonica Blues,Electric Blues
Junko Ohashi,Magical,1984.0,City Pop,60.0,8/26/2023,"['City Pop', 'Jazz Fusion', 'Adult Contemporary']",City Pop,Jazz Fusion,Adult Contemporary
Junko Yagami,Communication,1985.0,City Pop,50.0,9/14/2023,"['City Pop', 'Jazz Fusion', 'Adult Contemporary']",City Pop,Jazz Fusion,Adult Contemporary
Kamma & Masalo,Brighter Days,2014.0,Electronic,40.0,2/29/2024,"['House', 'Deep House', 'Dance']",House,Deep House,Dance
Kanye West,The College Dropout,2004.0,Hip Hop,,,"['Hip Hop', 'Rap', 'Pop Rap']",Hip Hop,Rap,Pop Rap
Kanye West,My Beautiful Dark Twisted Fantasy,2010.0,Hip Hop,,,"['Hip Hop', 'Rap', 'Pop Rap']",Hip Hop,Rap,Pop Rap
Kanye West,The Life of Pablo,2016.0,Hip Hop,,,"['Hip Hop', 'Rap', 'Pop Rap']",Hip Hop,Rap,Pop Rap
Karen Dalton,In My Own Time,1971.0,Folk,30.0,8/26/2023,"['Folk', 'Blues', 'Country']",Folk,Blues,Country
Karin Jones,Under the Influence of Love,1982.0,Disco,30.0,,"['Soul', 'R&B', 'Funk']",Soul,R&B,Funk
Katy Perry,Teenage Dream,2010.0,Pop,,,"['Pop', 'Dance-Pop', 'Electropop']",Pop,Dance-Pop,Electropop
Kaytranada,Bubba,2019.0,R&B,30.0,,"['House', 'Electronic', 'Hip Hop']",House,Electronic,Hip Hop
KC and the Sunshine Band,Part 3,1976.0,Disco,3.0,,"['Disco', 'Funk', 'Pop']",Disco,Funk,Pop
Kendrick Lamar,DAMN.,2017.0,Rap,35.0,,"['East Coast Hip Hop', 'Gangsta Rap', 'Trap']",East Coast Hip Hop,Gangsta Rap,Trap
Kendrick Lamar,"good kid, m.A.A.d city",2012.0,Hip Hop,,,"['Hip Hop', 'Rap', 'Conscious Hip Hop']",Hip Hop,Rap,Conscious Hip Hop
Kendrick Lamar,To Pimp A Butterfly,2015.0,Hip Hop,,,"['Hip Hop', 'Rap', 'Conscious Hip Hop']",Hip Hop,Rap,Conscious Hip Hop
Kenny Rogers,Greatest Hits,1980.0,Country,,,"['Country', 'Soft Rock', 'Pop']",Country,Soft Rock,Pop
Key and Cleary,Love is The Way,2018.0,Funk,50.0,,"['Soul', 'Funk', 'Gospel']",Soul,Funk,Gospel
Kid Cudi,Man on the Moon: The End of Day,2009.0,Hip Hop,,,"['Hip Hop', 'Alternative Hip Hop', 'Psychedelic Hip Hop']",Hip Hop,Alternative Hip Hop,Psychedelic Hip Hop
Kids See Ghosts,Kids See Ghosts,2018.0,Hip Hop,,,"['Hip Hop', 'Experimental', 'Alternative Hip Hop']",Hip Hop,Experimental,Alternative Hip Hop
Kikagaku Moyo,Kikagaku Moyo,2013.0,Psychadelia,30.0,,"['Psychedelic Rock', 'Acid Folk', 'Krautrock']",Psychedelic Rock,Acid Folk,Krautrock
Kikagaku Moyo,Forest of Lost Children,2014.0,Psychadelia,30.0,,"['Psychedelic Rock', 'Acid Folk', 'Krautrock']",Psychedelic Rock,Acid Folk,Krautrock
Kikagaku Moyo,House in the Tall Grass,2016.0,Psychadelia,30.0,,"['Psychedelic Rock', 'Acid Folk', 'Krautrock']",Psychedelic Rock,Acid Folk,Krautrock
Kikagaku Moyo,Masana Temples,2018.0,Psychadelia,30.0,,"['Psychedelic Rock', 'Acid Folk', 'Krautrock']",Psychedelic Rock,Acid Folk,Krautrock
Kikagaku Moyo,Kumoyo Island,2022.0,Psychadelia,30.0,,"['Psychedelic Rock', 'Acid Folk', 'Krautrock']",Psychedelic Rock,Acid Folk,Krautrock
Kikuchi Momoko,Tropic of Capricorn,1985.0,City Pop,50.0,9/14/2023,"['City Pop', 'J-Pop', 'Synthpop']",City Pop,J-Pop,Synthpop
King Crimson,In the Court of the Crimson King,1969.0,Progressive Rock,,,"['Progressive Rock', 'Art Rock', 'Jazz Fusion']",Progressive Rock,Art Rock,Jazz Fusion
Kingo Hamada,Midnight Cruisin,1982.0,City Pop,50.0,8/26/2023,"['City Pop', 'Jazz Fusion', 'Funk']",City Pop,Jazz Fusion,Funk
Kinokuniya Band,Street Sensation,1979.0,City Pop,53.0,,"['City Pop', 'Jazz Fusion', 'Funk']",City Pop,Jazz Fusion,Funk
Kiss,Destroyer,1976.0,Rock,35.0,,"['Classic Rock', 'Hard Rock', 'Blues Rock']",Classic Rock,Hard Rock,Blues Rock
Kiss,Double Platinum,1978.0,Hard Rock,,,"['Hard Rock', 'Glam Rock', 'Heavy Metal']",Hard Rock,Glam Rock,Heavy Metal
L'Imperatrice,Tako Tsubo,2021.0,Electronic,22.0,,"['Nu Disco', 'Synthpop', 'Indie Pop']",Nu Disco,Synthpop,Indie Pop
Lady Gaga,The Fame,2008.0,Pop,,,"['Pop', 'Dance Pop', 'Electropop']",Pop,Dance Pop,Electropop
Led Zeppelin,Led Zeppelin,1969.0,Hard Rock,,8/21/2016,"['Hard Rock', 'Blues Rock', 'Folk Rock']",Hard Rock,Blues Rock,Folk Rock
Led Zeppelin,Led Zeppelin III,1970.0,Hard Rock,,,"['Hard Rock', 'Blues Rock', 'Folk Rock']",Hard Rock,Blues Rock,Folk Rock
Led Zeppelin,Led Zeppelin IV,1971.0,Hard Rock,,,"['Hard Rock', 'Blues Rock', 'Folk Rock']",Hard Rock,Blues Rock,Folk Rock
Led Zeppelin,Houses of the Holy,1973.0,Hard Rock,,,"['Hard Rock', 'Blues Rock', 'Folk Rock']",Hard Rock,Blues Rock,Folk Rock
Led Zeppelin,Live in Seattle '73,1973.0,Hard Rock,,,"['Hard Rock', 'Blues Rock', 'Folk Rock']",Hard Rock,Blues Rock,Folk Rock
Led Zeppelin,Physical Graffiti,1975.0,Hard Rock,,,"['Hard Rock', 'Blues Rock', 'Folk Rock']",Hard Rock,Blues Rock,Folk Rock
Led Zeppelin,Presence,1976.0,Hard Rock,,,"['Hard Rock', 'Blues Rock', 'Folk Rock']",Hard Rock,Blues Rock,Folk Rock
Led Zeppelin,The Song Remains the Same,1976.0,Hard Rock,,,"['Hard Rock', 'Blues Rock', 'Folk Rock']",Hard Rock,Blues Rock,Folk Rock
Led Zeppelin,In Through the Out Door,1979.0,Hard Rock,,,"['Hard Rock', 'Blues Rock', 'Folk Rock']",Hard Rock,Blues Rock,Folk Rock
Led Zeppelin,CODA,1982.0,Hard Rock,,,"['Hard Rock', 'Blues Rock', 'Folk Rock']",Hard Rock,Blues Rock,Folk Rock
Led Zeppelin ,Led Zeppelin II,1969.0,Hard Rock,,,"['General', 'General', 'General']",General,General,General
Leo Nocentelli,Another Side,1971.0,Soul,30.0,7/26/2023,"['Classic Soul', ‘Folk Rock', ‘Country Rock’]",Classic Soul,‘Folk Rock,‘Country Rock’
Les McCann & Eddie Harris,Swiss Movement,1969.0,Soul Jazz,,,"['Soul Jazz', 'Jazz Fusion', 'Hard Bop']",Soul Jazz,Jazz Fusion,Hard Bop
Less Than Jake,Anthem,2020.0,Alternative Rock,,,"['Ska Punk', 'Pop Punk', 'Alternative Rock']",Ska Punk,Pop Punk,Alternative Rock
Less Than Jake,Silver Linings,2020.0,Alternative Rock,,,"['Ska Punk', 'Pop Punk', 'Alternative Rock']",Ska Punk,Pop Punk,Alternative Rock
Linkin Park,Hybrid Theory,2013.0,Nu Metal,,,"['Nu Metal', 'Alternative Rock', 'Rap Rock']",Nu Metal,Alternative Rock,Rap Rock
Linval Thompson,I Love Marijuana,1978.0,Reggae,35.0,,"['Reggae', 'Dub', 'Dancehall']",Reggae,Dub,Dancehall
Little Dragon,"New Me, Same Us",2020.0,Electronic,50.0,,"['Synth Pop', 'Electropop', 'Neo Soul']",Synth Pop,Electropop,Neo Soul
Little Richard,Here's Little Richard,1957.0,Rock and Roll,,,"['Rock and Roll', 'R&B', 'Soul']",Rock and Roll,R&B,Soul
Little Simz,No Thank You,2022.0,Rap,31.0,10/28/2023,"['East Coast Hip Hop', 'Gangsta Rap', 'Trap']",East Coast Hip Hop,Gangsta Rap,Trap
Looking Glass,Looking Glass,1972.0,Folk,20.0,8/3/2023,"['Soft Rock', 'Pop Rock', 'Folk Rock']",Soft Rock,Pop Rock,Folk Rock
Lord Huron,Vide Noir,2018.0,Indie Folk,,,"['Indie Folk', 'Folk Rock', 'Dream Pop']",Indie Folk,Folk Rock,Dream Pop
Lou Ragland,Understand Each Other,1977.0,Soul,28.0,7/26/2023,"['Classic Soul', 'R&B', 'Neo Soul']",Classic Soul,R&B,Neo Soul
Lynyrd Skynyrd,Pronounced 'Leh-'Nerd 'Skin-'Nerd,1973.0,Southern Rock,,,"['Southern Rock', 'Blues Rock', 'Country Rock']",Southern Rock,Blues Rock,Country Rock
Mac Miller,Swimming,2018.0,Hip Hop,,,"['Hip Hop', 'Jazz Rap', 'Neo Soul']",Hip Hop,Jazz Rap,Neo Soul
Magdalena Bay,Mercurial World,2021.0,Synth Pop,24.0,,"['Synth Pop', 'Electropop', 'Indie Pop']",Synth Pop,Electropop,Indie Pop
Makoto Kubota & The Sunset Gang,Hawaii Champroo,1975.0,Rock,35.0,9/14/2023,"['City Pop', 'Jazz Fusion', 'World Music']",City Pop,Jazz Fusion,World Music
Makoto Matsushita,First Light,1981.0,City Pop,42.0,,"['City Pop', 'Jazz Fusion', 'Soft Rock']",City Pop,Jazz Fusion,Soft Rock
Mama's and Papa's,Mama's and Papa's,1966.0,Folk Rock,,,"['Folk Rock', 'Sunshine Pop', 'Psychedelic Pop']",Folk Rock,Sunshine Pop,Psychedelic Pop
Mariya Takeuchi,Variety,1984.0,City Pop,67.0,,"['City Pop', 'J-Pop', 'Soft Rock']",City Pop,J-Pop,Soft Rock
Maroon5,It Won't Be Soon Before Long,2007.0,Pop Rock,,,"['Pop Rock', 'Funk Pop', 'Dance Pop']",Pop Rock,Funk Pop,Dance Pop
Maroon5,Overexposed,2012.0,Pop Rock,,,"['Pop Rock', 'Funk Pop', 'Dance Pop']",Pop Rock,Funk Pop,Dance Pop
Marvin Gaye,What's Going On,1971.0,Soul,30.0,,"['Classic Soul', 'R&B', 'Neo Soul']",Classic Soul,R&B,Neo Soul
Marvin Gaye,Let's Get It On,1973.0,Soul,,,"['Soul', 'R&B', 'Funk']",Soul,R&B,Funk
Marvin Holmes and Justice,Summer of '73,1973.0,Funk,20.0,,"['Soul', 'Funk', 'R&B']",Soul,Funk,R&B
Masahiko Sato,Belladonna,1973.0,Psychadelic Jazz,30.0,,"['Jazz Fusion', 'Soundtrack', 'Experimental']",Jazz Fusion,Soundtrack,Experimental
Masami,My tune My turn,1980.0,Soft Rock,53.0,,"['J-Pop', 'City Pop', 'Jazz Fusion']",J-Pop,City Pop,Jazz Fusion
Masayoshi Takanaka,Seychelles,1976.0,City Pop,50.0,,"['Jazz Fusion', 'City Pop', 'Instrumental Rock']",Jazz Fusion,City Pop,Instrumental Rock
Masayoshi Takanaka,All of Me,1979.0,City Pop,80.0,,"['Jazz Fusion', 'City Pop', 'Instrumental Rock']",Jazz Fusion,City Pop,Instrumental Rock
Masayoshi Takanaka,The Rainbow Goblins,1981.0,City Pop,26.0,,"['Jazz Fusion', 'City Pop', 'Instrumental Rock']",Jazz Fusion,City Pop,Instrumental Rock
matchbox 20,yourself or someone just like you,1996.0,Alternative Rock,20.0,,"['Alternative Rock', 'Post-Grunge', 'Pop Rock']",Alternative Rock,Post-Grunge,Pop Rock
Mayday Parade,A Lesson in Romantics,2007.0,Alternative Rock,80.0,,"['Emo Pop', 'Pop Punk', 'Alternative Rock']",Emo Pop,Pop Punk,Alternative Rock
Meat Loaf,Bat Out of Hell,1977.0,Rock,,,"['Rock Opera', 'Hard Rock', 'Glam Rock']",Rock Opera,Hard Rock,Glam Rock
Men At Work,Business As Usual,1982.0,New Wave,,,"['New Wave', 'Pop Rock', 'Synth Pop']",New Wave,Pop Rock,Synth Pop
Men At Work,Cargo,1982.0,New Wave,,,"['New Wave', 'Pop Rock', 'Synth Pop']",New Wave,Pop Rock,Synth Pop
Metallica,Master of Puppets,1986.0,Metal,27.0,,"['Thrash Metal', 'Heavy Metal', 'Hard Rock']",Thrash Metal,Heavy Metal,Hard Rock
Metallica,Kill'em All,1983.0,Thrash Metal,48.0,,"['Thrash Metal', 'Heavy Metal', 'Hard Rock']",Thrash Metal,Heavy Metal,Hard Rock
Metallica,Ride The Lightning,1984.0,Thrash Metal,22.0,,"['Thrash Metal', 'Heavy Metal', 'Hard Rock']",Thrash Metal,Heavy Metal,Hard Rock
Metallica,Metallica,2014.0,Thrash Metal,32.0,,"['Thrash Metal', 'Heavy Metal', 'Hard Rock']",Thrash Metal,Heavy Metal,Hard Rock
Metro Area,Metro Area,2017.0,House,32.0,,"['Deep House', 'Tech House', 'Electro House']",Deep House,Tech House,Electro House
MF DOOM,MM..FOOD,2007.0,Hip Hop,35.0,,"['Old School Hip Hop', 'Conscious Hip Hop', 'Alternative Hip Hop']",Old School Hip Hop,Conscious Hip Hop,Alternative Hip Hop
MF DOOM,Operation Doomsday,2021.0,Rap,28.0,,"['East Coast Hip Hop', 'Gangsta Rap', 'Trap']",East Coast Hip Hop,Gangsta Rap,Trap
MGMT,Oracular Spectacular,2007.0,Electronic,30.0,,"['Indie Pop', 'Psychedelic Pop', 'Synthpop']",Indie Pop,Psychedelic Pop,Synthpop
Michael Franti & Spearhead,All Rebel Rockers,2008.0,Reggae Fusion,,,"['Reggae Fusion', 'Alternative Hip Hop', 'Funk']",Reggae Fusion,Alternative Hip Hop,Funk
Michael Franti & Spearhead,Soulrocker,2016.0,Reggae Fusion,,,"['Reggae Fusion', 'Alternative Hip Hop', 'Funk']",Reggae Fusion,Alternative Hip Hop,Funk
Michael Franti & Spearhead,Stay Human Vol. II,2019.0,Reggae Fusion,,,"['Reggae Fusion', 'Alternative Hip Hop', 'Funk']",Reggae Fusion,Alternative Hip Hop,Funk
Michael Jackson,Thriller,1982.0,Pop,,,"['Pop', 'R&B', 'Disco']",Pop,R&B,Disco
Michael Jackson,Bad,1987.0,Pop,,,"['Pop', 'R&B', 'Disco']",Pop,R&B,Disco
Mike James Kirkland,Hang on in There,1972.0,Soul,30.0,12/2/2023,"['Classic Soul', 'R&B', 'Neo Soul']",Classic Soul,R&B,Neo Soul
Miki Matsubara,Pocket Park,1980.0,City Pop,108.9,9/25/2023,"['City Pop', 'Jazz Fusion', 'J-Pop']",City Pop,Jazz Fusion,J-Pop
Mild High Club,Going Going Gone,2021.0,Indie,25.0,,"['Psychedelic Pop', 'Indie Pop', 'Jazz Pop']",Psychedelic Pop,Indie Pop,Jazz Pop
Miles Davis,Bitches Brew,1970.0,Jazz,40.0,,"['Bebop', 'Smooth Jazz', 'Vocal Jazz']",Bebop,Smooth Jazz,Vocal Jazz
Miles Davis,Miles Davis' Greatest Hits,1969.0,Jazz,,,"['Jazz', 'Jazz Fusion', 'Hard Bop']",Jazz,Jazz Fusion,Hard Bop
Miles Davis,Kind of Blue,2020.0,Jazz,,,"['Jazz', 'Jazz Fusion', 'Hard Bop']",Jazz,Jazz Fusion,Hard Bop
Missy Elliot,Supa Dupa Fly,2017.0,Hip Hop,80.0,,"['Old School Hip Hop', 'Conscious Hip Hop', 'Alternative Hip Hop']",Old School Hip Hop,Conscious Hip Hop,Alternative Hip Hop
Mitski,Be The Cowboy,2018.0,Indie Rock,130.0,,"['Indie Rock', 'Art Pop', 'Alternative Rock']",Indie Rock,Art Pop,Alternative Rock
Mitski,Laurel Hell,2022.0,Indie Rock,30.0,,"['Indie Rock', 'Art Pop', 'Alternative Rock']",Indie Rock,Art Pop,Alternative Rock
Miyazawa Akira,Bull Trout,1969.0,Jazz,58.0,,"['Bebop', 'Smooth Jazz', 'Vocal Jazz']",Bebop,Smooth Jazz,Vocal Jazz
My Bloody Valentine,loveless,2021.0,Progressive,41.0,,"['Shoegaze', 'Noise Pop', 'Dream Pop']",Shoegaze,Noise Pop,Dream Pop
My Chemical Romance,Three Cheers for Sweet Revenge,2004.0,Emo,,,"['Emo', 'Pop Punk', 'Post-Hardcore']",Emo,Pop Punk,Post-Hardcore
My Chemical Romance,Welcome to the Black Parade,2007.0,Emo,,,"['Emo', 'Pop Punk', 'Post-Hardcore']",Emo,Pop Punk,Post-Hardcore
My Chemical Romance,The Black Parade (Box Set),2007.0,Emo,250.0,,"['Emo', 'Pop Punk', 'Post-Hardcore']",Emo,Pop Punk,Post-Hardcore
My Chemical Romance,Danger Days,2010.0,Emo,24.0,,"['Emo', 'Pop Punk', 'Post-Hardcore']",Emo,Pop Punk,Post-Hardcore
My Chemical Romance,Life on the Murder Scene,2020.0,Emo,,,"['Emo', 'Pop Punk', 'Post-Hardcore']",Emo,Pop Punk,Post-Hardcore
nas,Illmatic,2021.0,Hip Hop,30.0,,"['Old School Hip Hop', 'Conscious Hip Hop', 'Alternative Hip Hop']",Old School Hip Hop,Conscious Hip Hop,Alternative Hip Hop
Neil Young,After The Gold Rush,1970.0,Rock,25.0,,"['Classic Rock', 'Hard Rock', 'Blues Rock']",Classic Rock,Hard Rock,Blues Rock
Neil Young,Harvest,1972.0,Rock,,,"['Classic Rock', 'Hard Rock', 'Blues Rock']",Classic Rock,Hard Rock,Blues Rock
Neutral Milk Hotel,In the Aeroplane Over the Sea,1996.0,Indie Folk,20.0,,"['Indie Folk', 'Lo-Fi', 'Psychedelic Folk']",Indie Folk,Lo-Fi,Psychedelic Folk
Nico,Chelsea Girl,1967.0,Chamber Folk,,,"['Chamber Folk', 'Art Rock', 'Psychedelic Folk']",Chamber Folk,Art Rock,Psychedelic Folk
Nina Simone,My Baby Just Cares For Me,2012.0,Jazz,28.0,,"['Bebop', 'Smooth Jazz', 'Vocal Jazz']",Bebop,Smooth Jazz,Vocal Jazz
Nirvana,Nevermind,1991.0,Alternative Rock,30.0,,"['Grunge', 'Alternative Rock', 'Punk Rock']",Grunge,Alternative Rock,Punk Rock
Nirvana,Unplugged in New York,1994.0,Alternative Rock,60.0,,"['Grunge', 'Alternative Rock', 'Punk Rock']",Grunge,Alternative Rock,Punk Rock
Norman Feels,Norman Feels,1973.0,Soul,30.0,,"['Classic Soul', 'R&B', 'Neo Soul']",Classic Soul,R&B,Neo Soul
Nujabes,Metaphorical Music,2003.0,Lofi Hip Hop,56.0,1/28/2024,"['Jazz Rap', 'Hip Hop', 'Downtempo']",Jazz Rap,Hip Hop,Downtempo
Nujabes,Modal Soul,2005.0,Lofi Hip Hop,56.0,1/28/2024,"['Jazz Rap', 'Hip Hop', 'Downtempo']",Jazz Rap,Hip Hop,Downtempo
Nujabes,2nd Collections,2007.0,Lofi Hip Hop,52.0,1/28/2024,"['Jazz Rap', 'Hip Hop', 'Downtempo']",Jazz Rap,Hip Hop,Downtempo
Odesza,A Moment Apart,2017.0,Future Bass,28.0,,"['Electronic', 'Chillwave', 'Future Bass']",Electronic,Chillwave,Future Bass
Of Monsters And Men,My Head is an Animal,2011.0,Folk Rock,,,"['Indie Folk', 'Indie Pop', 'Folk Rock']",Indie Folk,Indie Pop,Folk Rock
Olivia Rodrigo,Sour,2021.0,Pop Rock,30.0,,"['Pop', 'Pop Rock', 'Teen Pop']",Pop,Pop Rock,Teen Pop
Onra,Nobody Has To Know,2018.0,Ambient,75.0,,"['Hip Hop', 'Instrumental Hip Hop', 'Electronic']",Hip Hop,Instrumental Hip Hop,Electronic
Outkast,ATLiens,1996.0,Hip Hop,60.0,,"['Old School Hip Hop', 'Conscious Hip Hop', 'Alternative Hip Hop']",Old School Hip Hop,Conscious Hip Hop,Alternative Hip Hop
Outkast,Aquemini,1998.0,Hip Hop,45.0,,"['Old School Hip Hop', 'Conscious Hip Hop', 'Alternative Hip Hop']",Old School Hip Hop,Conscious Hip Hop,Alternative Hip Hop
Outlaws,The Outlaws,1975.0,Rock,4.0,,"['Classic Rock', 'Hard Rock', 'Blues Rock']",Classic Rock,Hard Rock,Blues Rock
Panic! At The Disco,Death of a Bachelor,2016.0,Alternative Rock,23.0,,"['Pop Rock', 'Pop Punk', 'Emo Pop']",Pop Rock,Pop Punk,Emo Pop
Paramore,Riot!,2007.0,Alternative Rock,,,"['Emo Pop', 'Pop Punk', 'Alternative Rock']",Emo Pop,Pop Punk,Alternative Rock
Paramore,After Laughter,2017.0,Alternative Rock,27.0,,"['Emo Pop', 'Pop Punk', 'Alternative Rock']",Emo Pop,Pop Punk,Alternative Rock
Parliament,Funkentelechy,1977.0,Funk,40.0,6/28/2023,"['Funk', 'P-Funk', 'Psychedelic Funk']",Funk,P-Funk,Psychedelic Funk
Parliament,Osmium,1970.0,Funk,30.0,,"['Funk', 'P-Funk', 'Psychedelic Funk']",Funk,P-Funk,Psychedelic Funk
Parliament,Mothership Connection,1975.0,Funk,20.0,,"['Funk', 'P-Funk', 'Psychedelic Funk']",Funk,P-Funk,Psychedelic Funk
Paul Jackson,Black Octopus,1978.0,Jazz,30.0,8/18/2023,"['Jazz Fusion', 'Funk', 'Jazz']",Jazz Fusion,Funk,Jazz
Paul McCartney,Band on the Run,1973.0,Rock,,,"['Classic Rock', 'Hard Rock', 'Blues Rock']",Classic Rock,Hard Rock,Blues Rock
Peter Frampton,Frampton Comes Alive,1976.0,Rock,,,"['Classic Rock', 'Hard Rock', 'Blues Rock']",Classic Rock,Hard Rock,Blues Rock
Peter Tosh,Legalize It,1976.0,Reggae,50.0,,"['Reggae', 'Roots Reggae', 'Dub']",Reggae,Roots Reggae,Dub
Peter Tosh,Equal Rights,1977.0,Reggae,,,"['Reggae', 'Roots Reggae', 'Dub']",Reggae,Roots Reggae,Dub
Peter Tosh,Complete Captured Live,2002.0,Reggae,39.0,,"['Reggae', 'Roots Reggae', 'Dub']",Reggae,Roots Reggae,Dub
Pink Floyd,The Piper at The Gates of Dawn,1967.0,Prog Rock,90.0,,"['Progressive Rock', 'Psychedelic Rock', 'Art Rock']",Progressive Rock,Psychedelic Rock,Art Rock
Pink Floyd,A Saucerful of Secrets,1968.0,Prog Rock,100.0,,"['Progressive Rock', 'Psychedelic Rock', 'Art Rock']",Progressive Rock,Psychedelic Rock,Art Rock
Pink Floyd,Atom Heart Mother,1970.0,Prog Rock,28.0,,"['Progressive Rock', 'Psychedelic Rock', 'Art Rock']",Progressive Rock,Psychedelic Rock,Art Rock
Pink Floyd,Meddle,1971.0,Prog Rock,50.0,,"['Progressive Rock', 'Psychedelic Rock', 'Art Rock']",Progressive Rock,Psychedelic Rock,Art Rock
Pink Floyd,Obscured by Clouds,1972.0,Prog Rock,30.0,,"['Progressive Rock', 'Psychedelic Rock', 'Art Rock']",Progressive Rock,Psychedelic Rock,Art Rock
Pink Floyd,Eclipsed Bootleg,1973.0,Prog Rock,60.0,,"['Progressive Rock', 'Psychedelic Rock', 'Art Rock']",Progressive Rock,Psychedelic Rock,Art Rock
Pink Floyd,Live at Pompeii,1973.0,Prog Rock,50.0,,"['Progressive Rock', 'Psychedelic Rock', 'Art Rock']",Progressive Rock,Psychedelic Rock,Art Rock
Pink Floyd,Animals,1977.0,Prog Rock,40.0,,"['Progressive Rock', 'Psychedelic Rock', 'Art Rock']",Progressive Rock,Psychedelic Rock,Art Rock
Pink Floyd,The Wall,1979.0,Prog Rock,80.0,,"['Progressive Rock', 'Psychedelic Rock', 'Art Rock']",Progressive Rock,Psychedelic Rock,Art Rock
Pink Floyd,The Film,1982.0,Prog Rock,100.0,,"['Progressive Rock', 'Psychedelic Rock', 'Art Rock']",Progressive Rock,Psychedelic Rock,Art Rock
Pink Floyd,Delicate Sound of Thunder,1988.0,Prog Rock,40.0,,"['Progressive Rock', 'Psychedelic Rock', 'Art Rock']",Progressive Rock,Psychedelic Rock,Art Rock
Pink Floyd,The Division Bell,2018.0,Prog Rock,28.0,,"['Progressive Rock', 'Psychedelic Rock', 'Art Rock']",Progressive Rock,Psychedelic Rock,Art Rock
Pink Floyd,Pulse,2018.0,Prog Rock,140.0,,"['Progressive Rock', 'Psychedelic Rock', 'Art Rock']",Progressive Rock,Psychedelic Rock,Art Rock
Pink Floyd,Delicate Sound of Thunder,2020.0,Prog Rock,60.0,,"['Progressive Rock', 'Psychedelic Rock', 'Art Rock']",Progressive Rock,Psychedelic Rock,Art Rock
Pink Floyd,Live at Knebworth,2021.0,Prog Rock,40.0,,"['Progressive Rock', 'Psychedelic Rock', 'Art Rock']",Progressive Rock,Psychedelic Rock,Art Rock
Pink Floyd ,Dark Side of the Moon,1973.0,Prog Rock,100.0,,"['General', 'General', 'General']",General,General,General
Pink Floyd ,Wish You Were Here,1975.0,Prog Rock,24.0,,"['General', 'General', 'General']",General,General,General
Piper,Gentle Breeze,1983.0,City Pop,30.0,8/26/2023,"['City Pop', 'AOR', 'Soft Rock']",City Pop,AOR,Soft Rock
Piper,Summer Breeze,1983.0,City Pop,30.0,8/18/2023,"['City Pop', 'AOR', 'Soft Rock']",City Pop,AOR,Soft Rock
Piper,Sunshine Kiz,1984.0,City Pop,30.0,8/18/2023,"['City Pop', 'AOR', 'Soft Rock']",City Pop,AOR,Soft Rock
Prince,Purple Rain,1984.0,Soul,,,"['Classic Soul', 'R&B', 'Neo Soul']",Classic Soul,R&B,Neo Soul
Prince Hammer,Roots Me Roots,1979.0,Reggae,29.0,,"['Reggae', 'Dub', 'Roots Reggae']",Reggae,Dub,Roots Reggae
Procol Harum,Live In Concert with the Edmonton Symphony Orchestra,1972.0,Rock,6.0,,"['Classic Rock', 'Hard Rock', 'Blues Rock']",Classic Rock,Hard Rock,Blues Rock
Public Enemy,It Takes a Nation of Millions to Hold Us Back,2021.0,Hip Hop,30.0,,"['Old School Hip Hop', 'Conscious Hip Hop', 'Alternative Hip Hop']",Old School Hip Hop,Conscious Hip Hop,Alternative Hip Hop
Public Enemy,Fear of a Black Planet,1990.0,Rap,25.0,,"['East Coast Hip Hop', 'Gangsta Rap', 'Trap']",East Coast Hip Hop,Gangsta Rap,Trap
Pulp Fiction,Pulp Fiction,1991.0,Soundtrack,23.0,,"['Soundtrack', 'Surf Rock', 'Soul']",Soundtrack,Surf Rock,Soul
Pure Prairie League,Bustin' Out,1972.0,Rock,5.0,,"['Classic Rock', 'Hard Rock', 'Blues Rock']",Classic Rock,Hard Rock,Blues Rock
Purple Disco Machine,Soulmatic,2017.0,Disco,34.0,,"['Nu-Disco', 'Funk', 'Electronic']",Nu-Disco,Funk,Electronic
Purple Disco Machine,Exotica,2021.0,Disco,44.0,,"['Nu-Disco', 'Funk', 'Electronic']",Nu-Disco,Funk,Electronic
Queen,A Night at the Opera,1975.0,Rock,,,"['Rock', 'Glam Rock', 'Progressive Rock']",Rock,Glam Rock,Progressive Rock
Queen,News of the World,1977.0,Rock,,,"['Rock', 'Glam Rock', 'Progressive Rock']",Rock,Glam Rock,Progressive Rock
Queen,Jazz,1978.0,Rock,,,"['Rock', 'Glam Rock', 'Progressive Rock']",Rock,Glam Rock,Progressive Rock
Queen,The Game,1980.0,Rock,,,"['Rock', 'Glam Rock', 'Progressive Rock']",Rock,Glam Rock,Progressive Rock
Queen,Greatest Hits,1981.0,Rock,,,"['Rock', 'Glam Rock', 'Progressive Rock']",Rock,Glam Rock,Progressive Rock
Queen,Bohemian Rhapsody The Original Soundtrack,2018.0,Rock,36.0,,"['Rock', 'Glam Rock', 'Progressive Rock']",Rock,Glam Rock,Progressive Rock
R.E.M.,Automatic For The People,1992.0,Alternative Rock,26.0,,"['Alternative Rock', 'Jangle Pop', 'College Rock']",Alternative Rock,Jangle Pop,College Rock
Radiohead,OK Computer,2015.0,Alternative Rock,40.0,,"['Alternative Rock', 'Art Rock', 'Experimental Rock']",Alternative Rock,Art Rock,Experimental Rock
RADWIMPS,Suzume,2023.0,Soundtrack,35.0,8/28/2023,"['J-Rock', 'Alternative Rock', 'Pop Rock']",J-Rock,Alternative Rock,Pop Rock
RADWIMPS,Your Name,2023.0,Soundtrack,100.0,,"['J-Rock', 'Alternative Rock', 'Pop Rock']",J-Rock,Alternative Rock,Pop Rock
RADWIMPS,Weathering With You,2023.0,Soundtrack,100.0,,"['J-Rock', 'Alternative Rock', 'Pop Rock']",J-Rock,Alternative Rock,Pop Rock
Rage Against the Machine,Rage Against the Machine,1992.0,Rap Rock,28.0,,"['Rap Rock', 'Alternative Metal', 'Funk Metal']",Rap Rock,Alternative Metal,Funk Metal
Ramones,Road to Ruin,1978.0,Punk Rock,75.0,,"['Punk Rock', 'Pop Punk', 'Rock and Roll']",Punk Rock,Pop Punk,Rock and Roll
Ramones,Rocket To Russia,1977.0,Punk Rock,75.0,,"['Punk Rock', 'Pop Punk', 'Rock and Roll']",Punk Rock,Pop Punk,Rock and Roll
Ray Charles,True Genius Sides of Ray,2021.0,Soul,33.0,9/14/2023,"['Classic Soul', 'R&B', 'Neo Soul']",Classic Soul,R&B,Neo Soul
Red Hot Chili Peppers,Californication,1999.0,Alternative Rock,45.0,,"['Funk Rock', 'Alternative Rock', 'Funk Metal']",Funk Rock,Alternative Rock,Funk Metal
REO Speedwagon,"You can Tune a piano, but you can't Tuna fish",1978.0,Arena Rock,,,"['Arena Rock', 'Pop Rock', 'Soft Rock']",Arena Rock,Pop Rock,Soft Rock
Richard Marks,Love is Gone - The Lost Sessions,1977.0,Soul,50.0,8/3/2023,"['Classic Soul', 'R&B', 'Neo Soul']",Classic Soul,R&B,Neo Soul
Rikki Ililonga,Sunshine Love,1976.0,Zam Rock,40.0,7/11/2023,"['Zamrock', 'Psychedelic Rock', 'Afrobeat']",Zamrock,Psychedelic Rock,Afrobeat
Roberta Flack,First Take,1969.0,Soul,,,"['Soul', 'R&B', 'Jazz']",Soul,R&B,Jazz
Rod Stewart,Every Picture Tells a Story,1971.0,Rock,,,"['Rock', 'Pop Rock', 'Soft Rock']",Rock,Pop Rock,Soft Rock
Roots Radics Band,Scientist and Jammy Strike Back!,1978.0,Dub,30.0,,"['Reggae', 'Dub', 'Rocksteady']",Reggae,Dub,Rocksteady
Round Robin and Brimstone,Luv n' Haight,1980.0,Modern Soul,20.0,8/3/2023,"['Psychedelic Rock', 'Garage Rock', 'Acid Rock']",Psychedelic Rock,Garage Rock,Acid Rock
Rüfüs Du Sol,Bloom,2016.0,Deep House,125.0,,"['Electronic', 'House', 'Indie Dance']",Electronic,House,Indie Dance
Rüfüs Du Sol,Surrender,2021.0,Deep House,39.0,,"['Electronic', 'House', 'Indie Dance']",Electronic,House,Indie Dance
Run-D.M.C.,King of Rock,1985.0,Hip Hop,,,"['Hip Hop', 'Rap Rock', 'East Coast Hip Hop']",Hip Hop,Rap Rock,East Coast Hip Hop
Rush,2112,1976.0,Progressive Rock,,,"['Progressive Rock', 'Hard Rock', 'Heavy Metal']",Progressive Rock,Hard Rock,Heavy Metal
Rush,Permenant Waves,1980.0,Progressive Rock,,,"['Progressive Rock', 'Hard Rock', 'Heavy Metal']",Progressive Rock,Hard Rock,Heavy Metal
Rush,Moving Pictures,1981.0,Progressive Rock,,,"['Progressive Rock', 'Hard Rock', 'Heavy Metal']",Progressive Rock,Hard Rock,Heavy Metal
Rush,Signals,1982.0,Progressive Rock,,,"['Progressive Rock', 'Hard Rock', 'Heavy Metal']",Progressive Rock,Hard Rock,Heavy Metal
Ryo Fukui,Scenery,1976.0,Jazz,30.0,,"['Bebop', 'Smooth Jazz', 'Vocal Jazz']",Bebop,Smooth Jazz,Vocal Jazz
Ryo Fukui,Mellow Dream,1977.0,Jazz,30.0,,"['Bebop', 'Smooth Jazz', 'Vocal Jazz']",Bebop,Smooth Jazz,Vocal Jazz
Ryo Kawasaki,Juice,1976.0,Jazz Funk,35.0,,"['Jazz Fusion', 'Electronic', 'World Music']",Jazz Fusion,Electronic,World Music
Ryusenkei/Hitomitoi,Talio,2021.0,Modern City Pop,75.0,8/18/2023,"['City Pop', 'Synth Pop', 'J-Pop']",City Pop,Synth Pop,J-Pop
S. Kiyotaka and Omega Tribe,River's Island,1984.0,City Pop,33.0,1/29/2024,"['City Pop', 'Fusion', 'AOR']",City Pop,Fusion,AOR
Sam Cooke,Greatest Hits,2020.0,Soul,30.0,,"['Classic Soul', 'R&B', 'Neo Soul']",Classic Soul,R&B,Neo Soul
Santana,Splendiferous,2022.0,Rock,27.0,,"['Classic Rock', 'Hard Rock', 'Blues Rock']",Classic Rock,Hard Rock,Blues Rock
Santana,Santana,1969.0,Latin Rock,,,"['Latin Rock', 'Blues Rock', 'Jazz Fusion']",Latin Rock,Blues Rock,Jazz Fusion
Santana,Santana's Greatest Hits,1974.0,Latin Rock,,,"['Latin Rock', 'Blues Rock', 'Jazz Fusion']",Latin Rock,Blues Rock,Jazz Fusion
Santana,Moonflower,1977.0,Latin Rock,,,"['Latin Rock', 'Blues Rock', 'Jazz Fusion']",Latin Rock,Blues Rock,Jazz Fusion
Santana,Inner Secrets,1978.0,Latin Rock,,,"['Latin Rock', 'Blues Rock', 'Jazz Fusion']",Latin Rock,Blues Rock,Jazz Fusion
Scientist,Scientist Dubs Culture,2021.0,Dub,27.0,,"['Dub', 'Reggae', 'Roots Reggae']",Dub,Reggae,Roots Reggae
Seals and Crofts,Greatest Hits,1975.0,Soft Rock,,,"['Soft Rock', 'Folk Rock', 'Pop Rock']",Soft Rock,Folk Rock,Pop Rock
Seatbelts,Soundtrack From The Netflix Series,2022.0,Jazz,35.0,9/14/2023,"['Bebop', 'Smooth Jazz', 'Vocal Jazz']",Bebop,Smooth Jazz,Vocal Jazz
Sex Pistols,Nevermind The Bollocks Here's The Sex Pistols,1977.0,Punk Rock,125.0,,"['Punk Rock', 'Hard Rock', 'Proto-Punk']",Punk Rock,Hard Rock,Proto-Punk
SG Lewis,times,2021.0,Disco,21.0,,"['Electropop', 'Dance', 'Nu-Disco']",Electropop,Dance,Nu-Disco
SG Lewis,AudioLust and HigherLove,2023.0,Disco,33.0,,"['Electropop', 'Dance', 'Nu-Disco']",Electropop,Dance,Nu-Disco
Silk Sonic,An Evening With Silk Sonic,2021.0,R&B,30.0,,"['R&B', 'Funk', 'Soul']",R&B,Funk,Soul
Simon and Garfunkel,Simon and Garfunkel's Greatest Hits,1972.0,Folk Rock,,,"['Folk Rock', 'Soft Rock', 'Pop']",Folk Rock,Soft Rock,Pop
Simple Plan,"No Pads, No Helmets... Just Balls",2002.0,Alternative Rock,33.0,,"['Pop Punk', 'Alternative Rock', 'Emo Pop']",Pop Punk,Alternative Rock,Emo Pop
Sly and the Family Stone,Fresh,1973.0,Soul,30.0,9/7/2023,"['Funk', 'Soul', 'Psychedelic Soul']",Funk,Soul,Psychedelic Soul
Soljie,Rebel Soldier,1982.0,Dub,60.0,,"['Reggae', 'Dub', 'Roots Reggae']",Reggae,Dub,Roots Reggae
Steely Dan,Can't Buy A Thrill,1972.0,Jazz Rock,9.0,,"['Jazz Rock', 'Soft Rock', 'Pop Rock']",Jazz Rock,Soft Rock,Pop Rock
Steely Dan,Countdown to Ecstasy,1973.0,Jazz Rock,8.0,,"['Jazz Rock', 'Soft Rock', 'Pop Rock']",Jazz Rock,Soft Rock,Pop Rock
Steely Dan,Aja,1977.0,Jazz Rock,18.0,,"['Jazz Rock', 'Soft Rock', 'Pop Rock']",Jazz Rock,Soft Rock,Pop Rock
Steely Dan,Gaucho,1980.0,Jazz Rock,20.0,,"['Jazz Rock', 'Soft Rock', 'Pop Rock']",Jazz Rock,Soft Rock,Pop Rock
Steve Miller Band,Greatest Hits: 1974-78,1978.0,Blues Rock,,,"['Blues Rock', 'Psychedelic Rock', 'Classic Rock']",Blues Rock,Psychedelic Rock,Classic Rock
Stevie Nicks,Bella Donna,1981.0,Rock,,,"['Rock', 'Pop Rock', 'Soft Rock']",Rock,Pop Rock,Soft Rock
Stevie Wonder,Talking Book,1972.0,Soul,29.0,,"['Classic Soul', 'R&B', 'Neo Soul']",Classic Soul,R&B,Neo Soul
Stevie Wonder,Songs in the Key of Life,1976.0,Soul,,,"['Soul', 'R&B', 'Funk']",Soul,R&B,Funk
Styx,Crystal Ball,1976.0,Progressive Rock,,,"['Progressive Rock', 'Hard Rock', 'Arena Rock']",Progressive Rock,Hard Rock,Arena Rock
Styx,The Grand Illusion,1977.0,Progressive Rock,,,"['Progressive Rock', 'Hard Rock', 'Arena Rock']",Progressive Rock,Hard Rock,Arena Rock
Styx,Pieces of Eight,1978.0,Progressive Rock,,,"['Progressive Rock', 'Hard Rock', 'Arena Rock']",Progressive Rock,Hard Rock,Arena Rock
Styx,Kilroy Was Here,1983.0,Progressive Rock,,,"['Progressive Rock', 'Hard Rock', 'Arena Rock']",Progressive Rock,Hard Rock,Arena Rock
Sublime,Sublime,2016.0,Reggae,35.0,8/3/2023,"['Ska Punk', 'Reggae Rock', 'Alternative Rock']",Ska Punk,Reggae Rock,Alternative Rock
Sudan Archives,Natural Brown Prom Queen,2022.0,R&B,32.0,,"['Experimental R&B', 'Art Pop', 'Electronic']",Experimental R&B,Art Pop,Electronic
Supertramp,Breakfast in America,1979.0,Progressive Rock,,,"['Progressive Rock', 'Art Rock', 'Pop Rock']",Progressive Rock,Art Rock,Pop Rock
Sweet,Desolation Boulevard,1974.0,Glam Rock,,,"['Glam Rock', 'Hard Rock', 'Power Pop']",Glam Rock,Hard Rock,Power Pop
System of a Down,Toxicity,2001.0,Nu Metal,22.0,,"['Nu Metal', 'Alternative Metal', 'Heavy Metal']",Nu Metal,Alternative Metal,Heavy Metal
SZA,CTRL,2017.0,R&B,71.0,,"['R&B', 'Neo-Soul', 'Alternative R&B']",R&B,Neo-Soul,Alternative R&B
T. Rex,The Slider,1972.0,Rock,35.0,,"['Classic Rock', 'Hard Rock', 'Blues Rock']",Classic Rock,Hard Rock,Blues Rock
T. Rex,Electric Warrior,1971.0,Glam Rock,40.0,,"['Glam Rock', 'Psychedelic Rock', 'Proto-Punk']",Glam Rock,Psychedelic Rock,Proto-Punk
T.I.,Paper Trail,2008.0,Hip Hop,28.0,,"['Southern Hip Hop', 'Trap', 'Rap']",Southern Hip Hop,Trap,Rap
T.I.,Paperwork,2014.0,Hip Hop,11.0,,"['Southern Hip Hop', 'Trap', 'Rap']",Southern Hip Hop,Trap,Rap
Takako Mamiya,Love Trip,1982.0,City Pop,46.0,,"['City Pop', 'Jazz Fusion', 'J-Pop']",City Pop,Jazz Fusion,J-Pop
Taking Back Sunday,Louder Now,2009.0,Emo,30.0,,"['Emo', 'Post-Hardcore', 'Alternative Rock']",Emo,Post-Hardcore,Alternative Rock
Talking Heads,Fear of Music,1979.0,Art Rock,30.0,7/11/2023,"['New Wave', 'Art Rock', 'Post-Punk']",New Wave,Art Rock,Post-Punk
Talking Heads,True Stories,1986.0,New Wave,20.0,7/11/2023,"['New Wave', 'Art Rock', 'Post-Punk']",New Wave,Art Rock,Post-Punk
Talking Heads,Talking Heads 77,1977.0,New Wave,18.0,,"['New Wave', 'Art Rock', 'Post-Punk']",New Wave,Art Rock,Post-Punk
Talking Heads,Remain in Light,1980.0,New Wave,30.0,,"['New Wave', 'Art Rock', 'Post-Punk']",New Wave,Art Rock,Post-Punk
Talking Heads,Little Creatures,1985.0,New Wave,20.0,,"['New Wave', 'Art Rock', 'Post-Punk']",New Wave,Art Rock,Post-Punk
Tame Impala,Currents,2015.0,Alternative,24.0,,"['Psychedelic Rock', 'Indie Rock', 'Neo-Psychedelia']",Psychedelic Rock,Indie Rock,Neo-Psychedelia
Tame Impala,The Slow Rush,2020.0,Alternative,40.0,,"['Psychedelic Rock', 'Indie Rock', 'Neo-Psychedelia']",Psychedelic Rock,Indie Rock,Neo-Psychedelia
Tatsuro Yamashita,Ride on Time,1980.0,City Pop,125.0,,"['City Pop', 'Jazz Fusion', 'J-Pop']",City Pop,Jazz Fusion,J-Pop
Tatsuro Yamashita,For You,1982.0,City Pop,85.0,,"['City Pop', 'Jazz Fusion', 'J-Pop']",City Pop,Jazz Fusion,J-Pop
The Abbysinians,Satta,1975.0,Reggae,31.0,,"['Roots Reggae', 'Dub', 'Reggae']",Roots Reggae,Dub,Reggae
The Allman Brother's Band,Eat a Peach,1972.0,Folk Rock,,,"['Southern Rock', 'Blues Rock', 'Jam Band']",Southern Rock,Blues Rock,Jam Band
The Allman Brother's Band,Brothers And Sisters,1973.0,Folk Rock,,,"['Southern Rock', 'Blues Rock', 'Jam Band']",Southern Rock,Blues Rock,Jam Band
The Animals,The Best of The Animals,1966.0,Rock,,,"['Blues Rock', 'Rock', 'British Invasion']",Blues Rock,Rock,British Invasion
The Avalanches,Wildflower,2016.0,Electronic,,,"['Plunderphonics', 'Electronic', 'Indie Pop']",Plunderphonics,Electronic,Indie Pop
The B-52's,The B-52's,1979.0,Pop,25.0,,"['Pop Rock', 'Synth Pop', 'Dance Pop']",Pop Rock,Synth Pop,Dance Pop
The Band,Music From Big Pink,1968.0,Rock,,,"['Roots Rock', 'Country Rock', 'Folk Rock']",Roots Rock,Country Rock,Folk Rock
The Beach Boys,Sounds of Summer,2022.0,Rock,30.0,,"['Classic Rock', 'Hard Rock', 'Blues Rock']",Classic Rock,Hard Rock,Blues Rock
The Beach Boys,Surfin' USA,1963.0,Rock,,,"['Surf Rock', 'Pop Rock', 'Psychedelic Pop']",Surf Rock,Pop Rock,Psychedelic Pop
The Beach Boys,All Summer Long,1964.0,Rock,,,"['Surf Rock', 'Pop Rock', 'Psychedelic Pop']",Surf Rock,Pop Rock,Psychedelic Pop
The Beach Boys,"Shut Down, Volume 2",1964.0,Rock,,,"['Surf Rock', 'Pop Rock', 'Psychedelic Pop']",Surf Rock,Pop Rock,Psychedelic Pop
The Beach Boys,Pet Sounds,1972.0,Rock,40.0,,"['Surf Rock', 'Pop Rock', 'Psychedelic Pop']",Surf Rock,Pop Rock,Psychedelic Pop
The Beatles,Rubber Soul,1965.0,Rock,25.0,,"['Psychedelic Rock', 'Pop Rock', 'Merseybeat']",Psychedelic Rock,Pop Rock,Merseybeat
The Beatles,Revolver,1966.0,Rock,,,"['Psychedelic Rock', 'Pop Rock', 'Merseybeat']",Psychedelic Rock,Pop Rock,Merseybeat
The Beatles,Sergent Pepper's Lonely Heart's Club Band,1967.0,Rock,,,"['Psychedelic Rock', 'Pop Rock', 'Merseybeat']",Psychedelic Rock,Pop Rock,Merseybeat
The Beatles,Abbey Road,1969.0,Rock,,,"['Psychedelic Rock', 'Pop Rock', 'Merseybeat']",Psychedelic Rock,Pop Rock,Merseybeat
The Beatles,1,2009.0,Rock,,,"['Psychedelic Rock', 'Pop Rock', 'Merseybeat']",Psychedelic Rock,Pop Rock,Merseybeat
The Bee Gees,Timeless - The All Time Greatest Hits,2017.0,Disco,34.0,,"['Disco', 'Pop', 'Blue-Eyed Soul']",Disco,Pop,Blue-Eyed Soul
The Black-Eyed Peas,Elephunk,2003.0,Hip Hop,28.0,,"['Hip Hop', 'Pop Rap', 'Dance']",Hip Hop,Pop Rap,Dance
The Cars,The Cars,1978.0,Rock,,,"['New Wave', 'Pop Rock', 'Synth Rock']",New Wave,Pop Rock,Synth Rock
The Cars,The Cars Greatest Hits,1985.0,Rock,,,"['New Wave', 'Pop Rock', 'Synth Rock']",New Wave,Pop Rock,Synth Rock
The Clash,London Calling,1979.0,Punk Rock,80.0,,"['Punk Rock', 'Post-Punk', 'New Wave']",Punk Rock,Post-Punk,New Wave
The Clash,The Clash,1979.0,Punk Rock,22.0,,"['Punk Rock', 'Post-Punk', 'New Wave']",Punk Rock,Post-Punk,New Wave
The Clash,Combat Rock,1982.0,Punk Rock,24.0,,"['Punk Rock', 'Post-Punk', 'New Wave']",Punk Rock,Post-Punk,New Wave
The Dave Brubeck Quartet,Time Out,1959.0,Jazz,,,"['Cool Jazz', 'West Coast Jazz', 'Modal Jazz']",Cool Jazz,West Coast Jazz,Modal Jazz
The Doobie Brothers,Toulouse Street,1972.0,Rock,,,"[‘Yacht Rock', 'Soft Rock', 'Blue-Eyed Soul']",‘Yacht Rock,Soft Rock,Blue-Eyed Soul
The Doobie Brothers,Best of the Doobies,1976.0,Rock,,,"['Yacht Rock', 'Soft Rock', 'Blue-Eyed Soul']",Yacht Rock,Soft Rock,Blue-Eyed Soul
The Doobie Brothers,Minute By Minute,1978.0,Rock,,,"['Yacht Rock', 'Soft Rock', 'Blue-Eyed Soul']",Yacht Rock,Soft Rock,Blue-Eyed Soul
The Doors,The Doors,1967.0,Psychedelic Rock,,8/21/2016,"['Psychedelic Rock', 'Blues Rock', 'Acid Rock']",Psychedelic Rock,Blues Rock,Acid Rock
The Doors,Strange Days,1967.0,Psychedelic Rock,,,"['Psychedelic Rock', 'Blues Rock', 'Acid Rock']",Psychedelic Rock,Blues Rock,Acid Rock
The Doors,Morrison Hotel,1970.0,Psychedelic Rock,,,"['Psychedelic Rock', 'Blues Rock', 'Acid Rock']",Psychedelic Rock,Blues Rock,Acid Rock
The Doors,L.A. Woman,1971.0,Psychedelic Rock,,,"['Psychedelic Rock', 'Blues Rock', 'Acid Rock']",Psychedelic Rock,Blues Rock,Acid Rock
The Eagles,The Eagles,1972.0,Folk Rock,,,"['Country Rock', 'Soft Rock', 'Classic Rock']",Country Rock,Soft Rock,Classic Rock
The Eagles,Desperado,1973.0,Folk Rock,,,"['Country Rock', 'Soft Rock', 'Classic Rock']",Country Rock,Soft Rock,Classic Rock
The Eagles,On The Border,1974.0,Folk Rock,,,"['Country Rock', 'Soft Rock', 'Classic Rock']",Country Rock,Soft Rock,Classic Rock
The Eagles,One of These Nights,1975.0,Folk Rock,,,"['Country Rock', 'Soft Rock', 'Classic Rock']",Country Rock,Soft Rock,Classic Rock
The Eagles,Their Greatest Hits 1971-1975,1976.0,Folk Rock,,8/21/2016,"['Country Rock', 'Soft Rock', 'Classic Rock']",Country Rock,Soft Rock,Classic Rock
The Eagles,Hotel California,1976.0,Rock,,,"['Country Rock', 'Soft Rock', 'Classic Rock']",Country Rock,Soft Rock,Classic Rock
The Eagles,The Long Run,1979.0,Rock,,,"['Country Rock', 'Soft Rock', 'Classic Rock']",Country Rock,Soft Rock,Classic Rock
The Eagles,Eagles Live,1980.0,Rock,,,"['Country Rock', 'Soft Rock', 'Classic Rock']",Country Rock,Soft Rock,Classic Rock
The Eagles,Hell Freezes Over,1994.0,Rock,34.0,2/18/2020,"['Country Rock', 'Soft Rock', 'Classic Rock']",Country Rock,Soft Rock,Classic Rock
The Gap Band,The Gap Band IV,1981.0,Funk,,,"['Funk', 'Soul', 'R&B']",Funk,Soul,R&B
The Gipsy Kings,The Best of the Gipsy Kings,1995.0,Flamenco,30.0,,"['Flamenco', 'Rumba', 'World Music']",Flamenco,Rumba,World Music
The Grass Roots,Their 16 Greatest Hits,1971.0,Folk Rock,6.0,,"['Pop Rock', 'Folk Rock', 'Sunshine Pop']",Pop Rock,Folk Rock,Sunshine Pop
The Guess Who,American Women,1970.0,Rock,7.0,,"['Rock', 'Blues Rock', 'Psychedelic Rock']",Rock,Blues Rock,Psychedelic Rock
The Horace Silver Quintet,Song For My Father,1965.0,Jazz,75.0,,"['Bebop', 'Smooth Jazz', 'Vocal Jazz']",Bebop,Smooth Jazz,Vocal Jazz
The Isley Brothers,The Heat is On,1975.0,R&B,,,"['R&B', 'Soul', 'Funk']",R&B,Soul,Funk
The Jimi Hendrix Experience,Are You Experienced,1967.0,Psychedelic Rock,60.0,,"['Psychedelic Rock', 'Blues Rock', 'Hard Rock']",Psychedelic Rock,Blues Rock,Hard Rock
The Jimi Hendrix Experience,Axis: Bold as Love,1967.0,Psychedelic Rock,30.0,,"['Psychedelic Rock', 'Blues Rock', 'Hard Rock']",Psychedelic Rock,Blues Rock,Hard Rock
The Jimi Hendrix Experience,Electric Ladyland,1968.0,Psychedelic Rock,30.0,,"['Psychedelic Rock', 'Blues Rock', 'Hard Rock']",Psychedelic Rock,Blues Rock,Hard Rock
The Kessoku Band,Bocchi The Rock! Song Album,2024.0,J-Pop,85.0,5/14/2024,"['J-Rock', 'Pop Rock', 'Anime Music']",J-Rock,Pop Rock,Anime Music
The Killers,Hot Fuss,2004.0,Alternative Rock,,,"['Alternative Rock', 'Indie Rock', 'Post-Punk Revival']",Alternative Rock,Indie Rock,Post-Punk Revival
The Kinks,One for the Road One,1980.0,Rock,,,"['Rock', 'Pop Rock', 'British Invasion']",Rock,Pop Rock,British Invasion
The O'Jays,Collector's Items,1977.0,Soul,,,"['Soul', 'Philly Soul', 'R&B']",Soul,Philly Soul,R&B
The Offspring,Greatest Hits,2022.0,Alternative Rock,29.0,,"['Punk Rock', 'Pop Punk', 'Alternative Rock']",Punk Rock,Pop Punk,Alternative Rock
The Pharcyde,Bizarre Ride 2,1992.0,Hip Hop,43.0,2/29/2024,"['Old School Hip Hop', 'Conscious Hip Hop', 'Alternative Hip Hop']",Old School Hip Hop,Conscious Hip Hop,Alternative Hip Hop
The Police,Outlandos d'Amour,1979.0,New Wave,,,"['New Wave', 'Reggae Rock', 'Pop Rock']",New Wave,Reggae Rock,Pop Rock
The Police,Sychronicity,1983.0,New Wave,,,"['New Wave', 'Reggae Rock', 'Pop Rock']",New Wave,Reggae Rock,Pop Rock
The Rolling Stones ,Let it Bleed,1969.0,Rock,,,"['General', 'General', 'General']",General,General,General
The Rolling Stones ,Hot Rocks,1971.0,Rock,,,"['General', 'General', 'General']",General,General,General
The Rolling Stones ,Exile on Main St,1972.0,Rock,,,"['General', 'General', 'General']",General,General,General
The Rolling Stones ,Some Girls,1978.0,Rock,,,"['General', 'General', 'General']",General,General,General
The Rolling Stones ,Tattoo You,1981.0,Rock,,,"['General', 'General', 'General']",General,General,General
The Rolling Stones ,With A Little Help From Our Friends,2016.0,Rock,,,"['General', 'General', 'General']",General,General,General
The Strokes,Room on Fire,2003.0,Alternative,23.0,,"['Indie Rock', 'Garage Rock', 'Post-Punk Revival']",Indie Rock,Garage Rock,Post-Punk Revival
The Strokes,The New Abnormal,2020.0,Alternative,30.0,,"['Indie Rock', 'Garage Rock', 'Post-Punk Revival']",Indie Rock,Garage Rock,Post-Punk Revival
The Velvet Underground,The Velvet Underground and Nico,1967.0,Art Rock,,,"['Art Rock', 'Experimental Rock', 'Proto-Punk']",Art Rock,Experimental Rock,Proto-Punk
The Velvet Underground,White Light/White Heat,1968.0,Art Rock,,,"['Art Rock', 'Experimental Rock', 'Proto-Punk']",Art Rock,Experimental Rock,Proto-Punk
The Velvet Underground,The Velvet Undergroun,1969.0,Art Rock,,,"['Art Rock', 'Experimental Rock', 'Proto-Punk']",Art Rock,Experimental Rock,Proto-Punk
The Velvet Underground,1969,2012.0,Art Rock,,,"['Art Rock', 'Experimental Rock', 'Proto-Punk']",Art Rock,Experimental Rock,Proto-Punk
The Ventures,Hawaii Five-O,1969.0,Surf Rock,,,"['Surf Rock', 'Instrumental Rock', 'Rock and Roll']",Surf Rock,Instrumental Rock,Rock and Roll
The Whatnauts,The Whatnauts on the Rocks,1972.0,Soul,33.0,8/26/2023,"['Classic Soul', 'R&B', 'Neo Soul']",Classic Soul,R&B,Neo Soul
The Who,Tommy,1969.0,Rock,,,"['Rock', 'Hard Rock', 'Power Pop']",Rock,Hard Rock,Power Pop
The Who,Who's Next,1971.0,Rock,,,"['Rock', 'Hard Rock', 'Power Pop']",Rock,Hard Rock,Power Pop
The Who,Quadrophenia,1973.0,Rock,,,"['Rock', 'Hard Rock', 'Power Pop']",Rock,Hard Rock,Power Pop
The Whole Darn Family,The Whole Darn Family Has Arrived,1976.0,Soul,23.0,8/26/2023,"['Classic Soul', 'R&B', 'Neo Soul']",Classic Soul,R&B,Neo Soul
The Wild Tchoupitoulas,The Wild Tchoupitoulas,1976.0,Mardi-Gras Funk,25.0,,"['Mardi Gras Indian Music', 'Funk', 'Soul']",Mardi Gras Indian Music,Funk,Soul
Thin Lizzy,Back in Chicago,2019.0,Hard Rock,30.0,,"['Hard Rock', 'Blues Rock', 'Heavy Metal']",Hard Rock,Blues Rock,Heavy Metal
Three Dog Night,Joy to the World - Their Greatest Hits,1974.0,Pop Rock,8.0,,"['Pop Rock', 'Soft Rock', 'Blue-Eyed Soul']",Pop Rock,Soft Rock,Blue-Eyed Soul
Thundercat,Drunk,2017.0,R&B,41.0,,"['Jazz Fusion', 'Funk', 'Neo-Soul']",Jazz Fusion,Funk,Neo-Soul
Tom Petty,Full Moon Fever,1989.0,Rock,30.0,,"['Classic Rock', 'Hard Rock', 'Blues Rock']",Classic Rock,Hard Rock,Blues Rock
Tom Petty and the Heartbreakers,Damn the Torpedoes,1979.0,Rock,18.0,,"['Classic Rock', 'Hard Rock', 'Blues Rock']",Classic Rock,Hard Rock,Blues Rock
Tom Petty and the Heartbreakers,Greatest Hits,2016.0,Rock,30.0,,"['Classic Rock', 'Hard Rock', 'Blues Rock']",Classic Rock,Hard Rock,Blues Rock
Tony Newton,Mysticism and Romance,1978.0,Funk,27.0,,"['Jazz Fusion', 'Funk', 'R&B']",Jazz Fusion,Funk,R&B
Toots and The Maytals,Funky Kingston,1973.0,Reggae,30.0,,"['Reggae', 'Ska', 'Rocksteady']",Reggae,Ska,Rocksteady
Toshiki Kadomatsu,On The City Shore,1983.0,City Pop,83.12,9/21/2023,"['City Pop', 'Funk', 'R&B']",City Pop,Funk,R&B
Toshiki Kadomatsu,Sea is a Lady,1987.0,City Pop,85.0,1/29/2024,"['City Pop', 'Funk', 'R&B']",City Pop,Funk,R&B
Toto,Toto,1978.0,Rock,1.0,,"['Rock', 'Pop Rock', 'AOR']",Rock,Pop Rock,AOR
Toto,Toto IV,1982.0,Rock,6.0,,"['Rock', 'Pop Rock', 'AOR']",Rock,Pop Rock,AOR
Tower of Power,Bump City,1972.0,Disco,10.0,,"['Funk', 'Soul', 'R&B']",Funk,Soul,R&B
Traffic,John Barleycorn Must Die,1970.0,Rock,15.0,,"['Classic Rock', 'Hard Rock', 'Blues Rock']",Classic Rock,Hard Rock,Blues Rock
"Tyler, The Creator",IGOR,2018.0,Pop,24.0,,"['Pop Rock', 'Synth Pop', 'Dance Pop']",Pop Rock,Synth Pop,Dance Pop
"Tyler, The Creator",Flower Boy,2017.0,Soul,30.0,,"['Classic Soul', 'R&B', 'Neo Soul']",Classic Soul,R&B,Neo Soul
U-Roy,Dread in a Babylon,1975.0,Reggae,50.0,,"['Reggae', 'Dub', 'Dancehall']",Reggae,Dub,Dancehall
Van Halen,Van Halen,1978.0,Rock,0.0,,"['Classic Rock', 'Hard Rock', 'Blues Rock']",Classic Rock,Hard Rock,Blues Rock
Van Halen,"Live at Pogos Nightclub, Wichita Kansas",1978.0,Rock,27.0,,"['Classic Rock', 'Hard Rock', 'Blues Rock']",Classic Rock,Hard Rock,Blues Rock
Van Halen,Van Halen II,1979.0,Rock,8.0,,"['Classic Rock', 'Hard Rock', 'Blues Rock']",Classic Rock,Hard Rock,Blues Rock
Van Halen,Women and Children First,1980.0,Rock,5.0,,"['Classic Rock', 'Hard Rock', 'Blues Rock']",Classic Rock,Hard Rock,Blues Rock
Van Halen,Fair Warning,1981.0,Rock,4.0,,"['Classic Rock', 'Hard Rock', 'Blues Rock']",Classic Rock,Hard Rock,Blues Rock
Van Halen,Diver Down,1982.0,Rock,20.0,,"['Classic Rock', 'Hard Rock', 'Blues Rock']",Classic Rock,Hard Rock,Blues Rock
Van Halen,1984,1984.0,Rock,30.0,,"['Classic Rock', 'Hard Rock', 'Blues Rock']",Classic Rock,Hard Rock,Blues Rock
Van Halen,5150,1986.0,Rock,40.0,,"['Classic Rock', 'Hard Rock', 'Blues Rock']",Classic Rock,Hard Rock,Blues Rock
Van Halen,For Unlawful Carnal Knowledge,1991.0,Rock,60.0,,"['Classic Rock', 'Hard Rock', 'Blues Rock']",Classic Rock,Hard Rock,Blues Rock
Van Morrison,Moondance,1970.0,Rock,30.0,,"['Folk Rock', 'Blues', 'Celtic Rock']",Folk Rock,Blues,Celtic Rock
Van Morrison,His Band and The Street Choir,1970.0,Rock,15.0,,"['Folk Rock', 'Blues', 'Celtic Rock']",Folk Rock,Blues,Celtic Rock
Various Artists,Pacific,1978.0,City Pop,46.0,,"['Compilation', 'Various', 'Mixed']",Compilation,Various,Mixed
Various Artists,Seaside Lovers,1983.0,City Pop,48.0,,"['Compilation', 'Various', 'Mixed']",Compilation,Various,Mixed
Various Artists,Tanamur City Vol.1,2021.0,City Pop,28.0,,"['Compilation', 'Various', 'Mixed']",Compilation,Various,Mixed
Various Artists,Taiwan Disco,2020.0,Disco,31.0,8/3/2023,"['Compilation', 'Various', 'Mixed']",Compilation,Various,Mixed
Various Artists,Evangelion Finally,2020.0,J-Pop,30.0,12/25/2022,"['Compilation', 'Various', 'Mixed']",Compilation,Various,Mixed
Various Artists,Too Slow to Disco Presents Yacht Soul: The Cover Versions,2021.0,Soul,33.0,,"['Classic Soul', 'R&B', 'Neo Soul']",Classic Soul,R&B,Neo Soul
Various Artists,Neon Genesis Evangelion,2023.0,Soundtrack,30.0,10/1/2023,"['Compilation', 'Various', 'Mixed']",Compilation,Various,Mixed
Various Artists,The Hamilton Mixtape,2017.0,Soundtrack,0.0,,"['Compilation', 'Various', 'Mixed']",Compilation,Various,Mixed
Various Artists,Shrek - Music From the Original Motion Picture,2019.0,Soundtrack,30.0,,"['Compilation', 'Various', 'Mixed']",Compilation,Various,Mixed
Various Artists,Cowboy Bebop,2020.0,Soundtrack,34.0,,"['Compilation', 'Various', 'Mixed']",Compilation,Various,Mixed
Various Artists,Hollywood East Star Trax 4,1988.0,Compilation,50.0,,"['Compilation', 'Various', 'Mixed']",Compilation,Various,Mixed
Various Artists,The Many Faces of Pink Floyd,2019.0,Compilation,27.0,,"['Compilation', 'Various', 'Mixed']",Compilation,Various,Mixed
Various Artists,Fred Ventura Presents Milano Undiscovered 1988-1992,1988.0,Techno,25.0,4/16/2024,"['Compilation', 'Various', 'Mixed']",Compilation,Various,Mixed
Venus,Logic System,1981.0,Synth Pop,34.0,4/16/2024,"['J-Rock', 'Alternative Rock', 'Indie Rock']",J-Rock,Alternative Rock,Indie Rock
Village People,Cruisin',1978.0,Disco,5.0,,"['Disco', 'Dance', 'Pop']",Disco,Dance,Pop
Vince Guaraldi Trio,A Charlie Brown Chirstmas,1965.0,Jazz,30.0,,"['Bebop', 'Smooth Jazz', 'Vocal Jazz']",Bebop,Smooth Jazz,Vocal Jazz
Wa-Do-Dem,Eek-A-Mouse,1981.0,Reggae,27.0,,"['Reggae', 'Dub', 'Dancehall']",Reggae,Dub,Dancehall
War,Greatest Hits,1976.0,R&B,7.0,,"['Funk', 'Soul', 'Jazz Fusion']",Funk,Soul,Jazz Fusion
Warren Zevon,Excitable Boy,1978.0,Rock,0.0,,"['Classic Rock', 'Hard Rock', 'Blues Rock']",Classic Rock,Hard Rock,Blues Rock
Weezer,Weezer,1994.0,Alternative Rock,50.0,,"['Alternative Rock', 'Power Pop', 'Emo']",Alternative Rock,Power Pop,Emo
Weezer,Weezer,2004.0,Alternative Rock,24.0,,"['Alternative Rock', 'Power Pop', 'Emo']",Alternative Rock,Power Pop,Emo
Weezer,Weezer (Teal Album),2019.0,Alternative Rock,60.0,,"['Alternative Rock', 'Power Pop', 'Emo']",Alternative Rock,Power Pop,Emo
Weezer,Van Weezer,2021.0,Alternative Rock,22.0,,"['Alternative Rock', 'Power Pop', 'Emo']",Alternative Rock,Power Pop,Emo
Whitesnake,Whitesnake,1987.0,Hard Rock,15.0,,"['Hard Rock', 'Glam Metal', 'Blues Rock']",Hard Rock,Glam Metal,Blues Rock
Wild Cherry,Wild Cherry,1976.0,R&B,7.0,,"['Funk Rock', 'Disco', 'Rock']",Funk Rock,Disco,Rock
Wild Fire,Dance Hits,2021.0,Disco,30.0,8/18/2023,"['Reggae', 'Soca', 'Calypso']",Reggae,Soca,Calypso
Will Smith,Big Willie Style,1997.0,Pop,30.0,,"['Pop Rock', 'Synth Pop', 'Dance Pop']",Pop Rock,Synth Pop,Dance Pop
Wu-Tang Clan,Enter The Wu-Tang (36 Chambers),1993.0,Rap,30.0,,"['East Coast Hip Hop', 'Gangsta Rap', 'Trap']",East Coast Hip Hop,Gangsta Rap,Trap
Yellowcard,Childhood Eyes,2023.0,Pop Punk,20.0,8/3/2023,"['Pop Punk', 'Alternative Rock', 'Emo']",Pop Punk,Alternative Rock,Emo
Yes,Fragile,1972.0,Prog Rock,6.0,,"['Progressive Rock', 'Art Rock', 'Symphonic Rock']",Progressive Rock,Art Rock,Symphonic Rock
Yugo Kanno,Jojo's Bizarre Adventure: Golden Wind O.S.T. Overture,2023.0,Soundtrack,30.0,7/8/2023,"['Anime Music', 'Soundtrack', 'Orchestral']",Anime Music,Soundtrack,Orchestral
Yung Gravy,Gasanova,2020.0,Disco,25.0,,"['Hip Hop', 'Trap', 'Comedy Rap']",Hip Hop,Trap,Comedy Rap
Yung Gravy,Sensational,2019.0,Pop,0.0,,"['Pop Rock', 'Synth Pop', 'Dance Pop']",Pop Rock,Synth Pop,Dance Pop
Yurie Kokubo,Relief 72 Hours,1983.0,City Pop,87.47,9/18/2023,"['City Pop', 'J-Pop', 'Synth Pop']",City Pop,J-Pop,Synth Pop
Zac Brown Band,Greatest Hits... So Far,2014.0,Country,28.0,,"['Country', 'Country Rock', 'Southern Rock']",Country,Country Rock,Southern Rock
ZZ Top,Tres Hombres,1973.0,Hard Rock,5.0,,"['Blues Rock', 'Southern Rock', 'Hard Rock']",Blues Rock,Southern Rock,Hard Rock
ZZ Top,Eliminator,1983.0,Hard Rock,15.0,,"['Blues Rock', 'Southern Rock', 'Hard Rock']",Blues Rock,Southern Rock,Hard Rock
Darondo,Let My People Go,2019.0,Soul,29.0,5/19/2024,"['Classic Soul', 'R&B', 'Neo Soul']",Classic Soul,R&B,Neo Soul
Tatsuro Yamashita,Spacy,1977.0,City Pop,50.0,5/19/2024,"['City Pop', 'Jazz Fusion', 'J-Pop']",City Pop,Jazz Fusion,J-Pop