Artist,Album,Year,Genre,Price,Date Purchased,,,
.38 Special,WIld-Eyed Southern Boys,1980,Rock,$5.00,,,,Grand Total
.38 Special,Special Forces,1982,Rock,$4.00,,,,"$16,698.49"
.38 Special,Tour De Force,1983,Rock,$5.00,,,,
100gecs,1000 gecs,2019,Hyper Pop,$24.00,,,,
2Pac,2Pac Greatest Hits,1998,Rap,$70.00,10/28/2023,,,
50 Cent,Get Rich or Die Tryin,2003,Rap,$50.00,,,,
A Mountain of One,Stars Planets Dust Me,2022,House,$38.00,,,,
A Tribe Called Quest,The Low End Theory,1991,Hip Hop,$60.00,,,,
A Tribe Called Quest,Midnight Marauders,1993,Hip Hop,$30.00,,,,
a-ha,hunting high and low,1985,Rock,$23.00,,,,
Aaliyah,Ultimate Aaliyah,2005,"Soul, Pop",$31.00,,,,
ABBA,ABBA Gold,1992,Pop,$30.00,,,,
AC/DC,Dirty Deeds Done Dirt Cheap,1976,Hard Rock,$0.00,,,,
AC/DC,Back in Black,1980,Rock,$28.00,,,,
Aerosmith,Rocks,1976,Rock,$28.00,,,,
Aerosmith,Greatest Hits,1980,Rock,$8.00,,,,
Afroman,Crazy Rap,2021,Hip Hop,$30.00,,,,
Air Suppply,Greatest Hits,1983,Pop,$7.00,,,,
Akira Ishikawa,Bakishinba - Memories of Africa,1970,Jazz,$40.00,,,,
Al Green,Greatest Hits,2009,Soul,$30.00,,,,
Alan Parsons Project,I Robot,1977,Prog Rock,$8.00,,,,
Alan Parsons Project,Eye in the Sky,1982,Prog Rock,$10.00,,,,
Aliotta Haynes Jeremiah,Lake Shore Drive,1973,Folk Rock,$0.00,,,,
All Time Low,So Wrong It's Right,2007,Alternative Rock,$30.00,,,,
All Time Low,Nothing Personal,2009,Alternative Rock,$30.00,,,,
All Time Low,Don't Panic,2013,Alternative Rock,$30.00,,,,
Alvvays,Antisocialites,2017,Indie,$22.00,,,,
America,History - America's Greatest Hits,1975,Folk Rock,$8.00,,,,
America,Alternates & Rarities,2022,Folk Rock,$28.00,,,,
Amy Winehouse,Back to Black,2016,Pop,$50.00,,,,
Anderson .Paak,Malibu,2014,R&B,$30.00,,,,
Andy Gibb,Flowing Rivers,1977,Disco,$8.00,,,,
Andy Gibb,Shadow Dancing,1978,Pop,$5.00,,,,
Andy Gibb,After Dark,1980,Pop,$15.00,,,,
Animal House,National Lampon's Animal House,1978,Soundtrack,$12.00,,,,
Anri,Timely!!,1983,City Pop,$70.00,,,,
Anri,Coool,1984,City Pop,$50.00,3/16/2024,,,
Arctic Monkeys,"Whatever People Say I am, That's What I'm Not",2006,Alternative,$26.00,,,,
Arctic Monkeys,AM,2013,Alternative,$26.00,,,,
Aretha Franklin,Aretha's Gold,1969,Soul,$28.00,,,,
Arthur Verocai,Arthur Verocai,1972,"Bossa Nova, Funk, Soul, Jazz",$30.00,,,,
Ashford & Simpson,So So Satisfied,1977,Disco,$25.00,,,,
B.B. King,Live at the Regal,1965,Rock,$37.00,,,,
Bachman-Turner Overdrive,Best of B.T.O. (So Far),1976,Rock,$6.00,,,,
Bad Brains,Bad Brains,1981,"Punk, Hardcore",$28.00,7/11/2023,,,
Bad Suns,Apocolypse Whenever,2022,Alternative Rock,$25.00,9/28/2023,,,
Bad Suns,Language & Perspective,2014,Alternative Rock,$50.00,,,,
Bad Suns,Disappear Here,2016,Alternative Rock,$28.00,,,,
Barry Gibb,Greenfields,2021,,$28.00,,,,
bbno$,Eat Ya Veggies,2021,Hip Hop,$24.00,,,,
Bee Gees,Main Course,1975,Disco,$10.00,,,,
Bee Gees,Children of the World,1976,Disco,$10.00,,,,
Bee Gees,Saturday Night Fever,1977,Disco,$34.00,,,,
Bee Gees,Spirits Having Flown,1979,Disco,$18.00,,,,
Bernie Worrell,All The Woo in the World,1978,Funk,$28.00,,,,
Betty Davis,They Say I'm Different,1974,"Punk, Funk, Blues",$31.00,9/14/2023,,,
Big Brother and the Holding Company,Cheap Thrills,1967,Rock,$25.00,,,,
Big Star,#1 Record,1972,Rock,$25.00,,,,
Bill Evans Trio,Sunday at the Village Vanguard,1961,Jazz,$40.00,12/2/2023,,,
Bill Withers,Managerie,1977,Soul,$15.00,,,,
Billie Holiday,Lady in Satin,1958,,$10.00,,,,
Billy Eilish,Happier Than Ever,2021,Pop,$0.00,,,,
Billy Joel,Piano Man,1973,Pop Rock,$7.00,,,,
Billy Joel,Streetlife Serenade,1974,Pop Rock,$7.00,,,,
Billy Joel,Turnstiles,1976,Pop Rock,$7.00,,,,
Billy Joel,The Stranger,1977,Pop Rock,$15.00,,,,
Billy Joel,52nd Street,1978,Pop Rock,$7.00,,,,
Billy Joel,The Nylon Curtain,1982,Pop Rock,$7.00,,,,
Billy Joel,An Innocent Man,1983,Pop Rock,$2.00,,,,
Billy Squire,Don't Say No,1981,Rock,$5.00,,,,
Billy Strings,Renewal,2021,Blues,$0.00,,,,
Black Pumas,Black Pumas,2020,R&B,$35.00,,,,
Black Sabbath,Paranoid,1970,Hard Rock,$70.00,,,,
Black Sabbath,Master of Reality,1971,Hard Rock,$35.00,,,,
Black Sabbath,Vol. 4,1972,Hard Rock,$30.00,,,,
Black Sabbath,We Sold Our Soul For Rock 'N' Roll,1976,Hard Rock,$30.00,,,,
Blink-182,Enema of the State,1999,Alternative Rock,$30.00,,,,
Blink-182,California,2016,Alternative Rock,$30.00,,,,
Bo Diddley,Bo Diddley,1958,Rock,$23.00,,,,
Bob Dylan,Highway 61 Revisited,1965,Rock,$25.00,,,,
Bob Marley and The Wailers,Catch a Fire,1973,Reggae,$37.00,,,,
Bob Marley and The Wailers,Exodus,1977,Reggae,$37.00,,,,
Bob Marley and The Wailers,Uprising,1980,Reggae,$20.00,,,,
Bob Marley and The Wailers,Legend,2020,Reggae,$36.00,,,,
Bob Marley and The Wailers,Live,2020,Reggae,$30.00,,,,
Bob Seger and the Silver Bullet Band,Night Moves,1976,Rock,$5.00,,,,
Bob Seger and the Silver Bullet Band,Stranger in Town,1978,Rock,$5.00,,,,
Bobby Caldwell,What You Won't Do For Love,1978,"Soul, Jazz",$30.00,6/28/2023,,,
Bon Iver,Bon Iver,2011,Indie,$0.00,,,,
Bon Jovi,Slippery When Wet,1986,Hard Rock,$20.00,,,,
Boo and The Tru-Tones,Show the World,1974,"Soul, Funk, Reggae, Calypso",$15.00,3/16/2024,,,
Booker T. & The M.G.s,Green Onions,1962,R&B,,,,,
Boston,Boston,1976,Rock,$30.00,,,,
Boston,Don't Look Back,1978,Rock,$7.00,,,,
Bowling For Soup,"Older, Fatter, Still The Greatest Ever",2018,Alternative Rock,$30.00,,,,
Brand New,yourfavoriteweapon,2011,Alternative Rock,$26.00,,,,
Brian Bennett,Voyage - (A Journey into Discoid Funk),1978,Discoid Funk,$27.00,7/11/2023,,,
Bruce Springsteen,Born to Run,1975,Rock,$10.00,,,,
Bruce Springsteen,Darkness on the Edge of Town,1978,Rock,,,,,
Bruce Springsteen & The E Street Band,"Hammersmith Odeon, London '75",2017,Rock,,,,,
Burna Boy,Twice as Tall,2020,Afrobeats,$32.00,,,,
Burnin Spear,Harder Than the Best,1979,Reggae,$30.00,,,,
Busty and the Bass,Uncommon Good,2017,Alternative,$22.00,,,,
Busty and the Bass,Eddie,2020,Alternative,$22.00,,,,
Caetano Veloso,Caetano Veloso,1969,"Bossa Nova, Psychadelic Rock",$25.00,4/16/2024,,,
Casiopea,Mint Jams,1982,Jazz,$74.00,,,,
Charlie Byrd,Charlie Byrd Plays the Greatest Hits of the 60's,1969,Jazz,$5.00,,,,
Charlie Parker,"""Bird"" Symbols",1961,Jazz,$15.00,,,,
Chicago,Chiago's Greatest Hits,1975,Rock,$8.00,,,,
Childish Gambino,because the internet,2013,Hip Hop,$32.00,,,,
Christopher Larkin,Hollow Knight,2017,Soundtrack,$35.00,,,,
Chuck Berry,Berry is on Top,2015,Rock,,,,,
Congo Natty,Jungle Revolution,2013,Jungle,$35.00,4/16/2024,,,
Count Buffalo & The Jazz Rock Band,Soul & Rock,1969,"Soul, Jazz, Rock",$53.00,9/7/2023,,,
Creedence Clearwater Revival,Chronicle,1976,Rock,,,,,
Crosby Stills Nash and Young,So Far,1974,Folk Rock,,,,,
Culture,Two Sevens Clash,1978,Reggae,$30.00,,,,
Curtis Mayfield,Curtis Live!,1971,R&B,,,,,
Curtis Mayfield ,Curtis,1970,Soul,$26.00,,,,
D'Angelo,Voodoo,1999,R&B,$70.00,,,,
Dadawah,Peace and Love,1974,Reggae,$30.00,,,,
Daft Punk,Homework,1996,Electronic,$35.00,,,,
Daft Punk,Discovery,2001,Electronic,$30.00,,,,
Daft Punk,Alive 2007,2007,Electronic,$150.00,,,,
Daft Punk,Random Access Memories,2013,Electronic,$28.00,,,,
Daft Punk,Random Access Memories (10th Anniversary Edition),2023,Electronic,$50.00,,,,
David Bowie,Hunky Dory,1971,Rock,,,,,
David Bowie,Ziggy Stardust and the Spiders from Mars,1972,Rock,,,,,
David Bowie,Diamond Dogs,1974,Rock,,,,,
David Bowie,Changes One,1976,Rock,,,,,
David Bowie,Live Nassau Coliseum '76,1976,Rock,,,,,
David Bowie,Station To Station,1976,Rock,$0.00,,,,
David Byrne,David Byrne Live From Austin Texas,2017,Prog Rock,$28.00,,,,
David Gilmour,Live at Pompeii,2017,Pscyhadelic Rock,$86.00,7/24/2023,,,
Deep Purple,Machine Head,1972,Rock,,,,,
Def Leppard,Pyromania,1983,Hair Metal,,,,,
Def Leppard,Hysteria,1987,Hair Metal,,,,,
Del Jones,Court is Closed,2022,"Pschadelic Rock, Deep Funk, Soul",$50.00,7/11/2023,,,
Deltron 3030,Deltron 3030,2000,Rap,$30.00,,,,
Derek and The Dominoes,Layla and Other Assorted Love Songs,1972,Rock,,,,,
Diana Ross and the Supremes,Greatest Hits,1967,Soul,,,,,
Dio,Holy Diver,1983,Hard Rock,$30.00,,,,
Dire Straites,Making Movies,1980,Rock,,,,,
Dire Straites,Brothers in Arms,1985,Rock,,,,,
Dire Straits,Dire Straits,1978,Rock,,,,,
Don Henley ,Building the Perfect Beast,1984,Rock,,,,,
Donna Summer,Bad Girls,1979,Disco,$10.00,,,,
Donnie and Joe Emerson,Dreamin' Wild,1979,"funk, yacht rock, bedroom pop",$29.00,8/5/2023,,,
Dr. Buzzard's Original Savannah Band,Dr. Buzzard's Original Savannah Band,1976,Disco,$12.00,,,,
Dr. Dre,The Chronic,1982,Rap,$33.00,,,,
Dr. Dre,2001,2019,Rap,$34.00,,,,
Dua Lipa,Future Nostalgia,2020,Pop,,,,,
Earth Wind and Fire,Head to the Sky,1973,R&B,,,,,
Earth Wind and Fire,That's the Way of the World,1975,R&B,,,,,
Earth Wind and Fire,All 'n All,1977,R&B,,,,,
Earth Wind and Fire,I Am,1979,R&B,,,,,
Earth Wind and Fire,The Best of Earth Wind and Fire,2015,R&B,,,,,
Ed Sheeran,÷,2017,Pop,$28.00,,,,
Eddie Money,Eddie Money,1977,Pop,,,,,
Electric Light Orchestra,Face the Music,1975,Rock,$5.00,,,,
Electric Light Orchestra,A New World Record,1976,Rock,$22.00,,,,
Electric Light Orchestra,ELO's Greatest Hits,1979,Rock,$10.00,,,,
Electric Light Orchestra,Xanadu,1980,Rock,$10.00,,,,
Electric Light Orchestra,Secret Messages,1983,Rock,$25.00,,,,
Elton John,Madman Across the Water,1971,Rock,,,,,
Elton John,Goodbye Yellow Brick Road,1973,Rock,,,,,
Elton John,Greatest Hits,1974,Rock,,,,,
Elton John,Too Low For Zero,1983,Rock,$8.00,,,,
Elton John,Elton John Live in Australia with the melbourne symphony orchestra,1987,Rock,,,,,
Elvis Costello,My Aim is True,1977,,,,,,
Elvis Presley,The Sun Sessions,1976,Rock,,,,,
Eminem,Curtain Call - The Hits,2005,Rap,$28.00,,,,
Empire of The Sun,Two Vines,2015,Dance Pop,$20.00,,,,
Eric Clapton,Slowhand,1977,Rock,,,,,
Eric Clapton,Timepieces,1982,Rock,,,,,
Eric Clapton,Eric Clapton Unplugged,1992,Rock,$36.00,,,,
Evanescence,Fallen,2020,Nu Metal,,,,,
Fall Out Boy,Take This to Your Grave,2003,Pop Rock,$22.00,,,,
Fall Out Boy,From Under The Cork Tree,2005,Pop Rock,$22.00,,,,
Fall Out Boy,Infinity on High,2007,Pop Rock,$22.00,,,,
Fall Out Boy,Folie à Deux,2008,Pop Rock,$22.00,,,,
Fall Out Boy,Save Rock and Roll: Pax-Am Edition,2013,Pop Rock,$22.00,,,,
Fall Out Boy,American Beauty/American Psycho,2015,Pop Rock,$22.00,,,,
Fall Out Boy,Mania,2018,Pop Rock,$22.00,,,,
Fela,Zombie,1976,Afrobeat,$30.00,,,,
Fiona Apple,Fetch The Bolt Cutters,2020,Indie,$29.00,,,,
Fitz and the Tantrums,Pickin Up The Pieces,2010,Pop,,,,,
Fitz and the Tantrums,Fitz and the Tantrums,2016,Pop,$35.00,,,,
Fleetwood Mac,Fleetwood Mac,1975,Rock,,,,,
Fleetwood Mac,Rumors,1977,Rock,$0.00,,,,
Flower Travellin Band,Anywhere,1970,City Pop,$27.00,,,,
Flume,Skin,2016,Electronic,$28.00,,,,
Foo Fighters,"Echoes, Silence, Patience & Grace",2007,Alternative Rock,$19.00,,,,
Foo Fighters,The Colour and the Shape,1997,Rock,$28.00,,,,
Foo Fighters,Dee Gees - Hail Satin,2021,Rock,$200.00,,,,
Foreigner,Double Vision,1978,Rock,,,,,
Foreigner,4,1981,Rock,,,,,
Foreigner,Records,1982,Rock,,,,,
Frank Ocean,Channel Orange,2012,Soul,$80.00,,,,
Frank Ocean,Blond,2021,Soul,$50.00,,,,
Freddie McGregor,Freddie,1979,Reggae,$26.00,,,,
Funkadelic,Maggot Brain,1971,"Funk, Rock",$25.00,,,,
Funkadelic,Free Your Mind...,1970,,$30.00,,,,
Garland Green,Love is What We Came Here For,1977,Soul,,,,,
Genesis,The Lamb Lies Down on Broadway,1974,Prog Rock,$22.00,,,,
Genesis,Genesis,1983,Prog Rock,$8.00,,,,
George Benson,Breezin,1976,Jazz,,,,,
Gerry Rafferty,City to City,1978,Rock,,,,,
Ginji Ito,Deadly Drive,1977,City Pop,$50.00,8/26/2023,,,
Giorgio Moroder,From Here To Eternity,1977,Disco,$18.00,,,,
Gladys Knight & The Pips,Imagination,1973,R&B,,,,,
Gladys Knight and The Pips,All The Greatest Hits,1972,R&B,,,,,
Glass Animal,How to be a Human Being,2016,Electronic,$24.00,,,,
Gloria Gaynor,Love Tracks,1978,Disco,$2.00,,,,
Gordon Lightfoot,Sundown,1973,Folk Rock,,,,,
Gorillaz,Gorillaz,2001,,$70.00,,,,
Gorillaz,G-Sides,2002,,$47.00,,,,
Gorillaz,Demon Days,2005,,$60.00,,,,
Gorillaz,D-Sides,2007,,$24.00,,,,
Gorillaz,Plastic Beach,2010,,$40.00,,,,
Gorillaz,The Fall,2010,,$30.00,,,,
Gorillaz,Humanz,2017,,$50.00,,,,
Gorillaz,The Now Now,2018,,$24.00,,,,
Gorillaz,Song Machine,2021,,$24.00,,,,
Gorillaz,Cracker Island,2023,,$30.00,,,,
Grateful Dead,Workingman's Dead,1970,Folk,,,,,
Grateful Dead,Skeletons From The Closet,1974,Folk,$30.00,,,,
Grateful Dead,In the Dark,1987,Folk,,,,,
Green Day,Dookie,1994,Punk Rock,,,,,
Green Day,International Superhits!,2001,Punk Rock,,,,,
Green Day,"MTV Broadcast, Aragon Ballroom Chicago, November 10th, 1994",2015,Punk Rock,$24.00,,,,
Green Day,American Idiot,2004,Rock,,,,,
Green Day,21st Century Breakdown,2009,Rock,,,,,
Green Day,Revolution Radio,2016,Rock,$20.00,,,,
Green Day,Greatest Hits: God's Favorite Band,2017,Rock,,,,,
Green Day,The Original Broadway Cast Recording American Idiot,2010,Soundtrack,$275.00,,,,
Green Day ,BBC Sessions,2021,Punk Rock,$34.00,,,,
Greta Van Fleet,From the Fires,2019,Rock,,,,,
Guns N' Roses,Appetite For Destruction,1987,Metal,,,,,
Hank Mobley,Soul Station,1960,Jazz,$33.00,12/2/2023,,,
Harold Land Qunitet,The Peace-Maker,1967,Jazz,$35.00,12/2/2023,,,
Harry Styles,Fine Line,2019,Pop,$37.00,,,,
Harry Styles,Harry's House,2022,Pop,$35.00,,,,
Haruomi Hosono,Hosono House,1973,City Pop,$38.00,,,,
Heart,Little Queen,1977,Rock,$10.00,,,,
Heart-Soul and Inspiration,Heart-Soul and Inspiration,1974,Soul,$15.00,3/16/2024,,,
Henry Mancini and His Orchestra,The Pink Panther,1963,Soundtrack,$10.00,,,,
Herb Albert and the Tijuana Brass,Going Places,1965,Jazz,$1.00,,,,
Herbie Hancock,Headhunters,1973,Jazz,$45.00,,,,
Hikaru Utada,ONE LAST KISS,2021,J-Pop,$32.00,3/13/2024,,,
Hiromi Iwasaki,Wish,1980,City Pop,$66.00,1/29/2024,,,
Hiroshi Sato,Time,1977,City Pop,$50.00,,,,
Hiroshi Sato,Oracle,1996,City Pop,$70.00,,,,
Hiroshi Sato,awakening,2022,City Pop,$55.00,,,,
Hiroshi Suzuki,Cat,1975,Jazz,$37.00,,,,
Hiroshi Yoshimura,Green,1986,Ambient Jazz,$30.00,,,,
Hitomi Tohyama,Just Call Me Penny,1981,City Pop,$52.00,,,,
Hitomi Tohyama,Next Door,1983,City Pop,$50.00,,,,
Homeboy and the C.O.L.,Homeboy and the C.O.L.,1982,"Boogie, Funk, Soul",$38.00,,,,
Howlin' Wolf,Howlin' Wolf,2013,Blues,,,,,
Howling Wolf,Big City Blues,1970,Blues,,,,,
Hozan Yamamoto,With Sharps and Flats,1971,Jazz,$28.00,2/29/2024,,,
Imagine Dragons,Night Visions,2012,Pop Rock,,,,,
Inoue Takayuki Band,Taiyou Ni Hoero!,1975,Jazz,$10.00,,,,
Iron Maiden,Killers,1981,Metal,$30.00,,,,
Iron Maiden,The Number of the Beast,1982,Metal,,,,,
Iron Maiden,Piece of Mind,1983,Metal,,,,,
Issei Okomoto,Moonlight Mystery,1980,City Pop,$53.00,,,,
J Dilla,Donuts,2006,"Hip Hop, Instrumental",$37.00,,,,
J. Cole,2014 Forest Hills Drive,2015,Rap,$30.00,,,,
Jai Paul,Bait Ones,2023,Jai Wave,$100.00,,,,
James Gang,rides again,1970,Rock,,,,,
Jay-Z,The Blueprint,2001,"Hip-Hop, Rap",$30.00,,,,
Jay-Z,The Black Album,2003,"Hip-Hop, Rap",$28.00,,,,
Jaye P. Morgan,Jaye P. Morgan,1976,Funk,$33.00,7/26/2023,,,
Jazz Dispensary,Super Skunk,2022,Jazz,$30.00,,,,
Jefferson Starship,Freedom at Point Zero,1979,Rock,,,,,
Jethro Tull,M.U. - The Best of Jethro Tull,1976,Progressive Rock,$10.00,,,,
Jethro Tull,Aqualung,1971,,,,,,
Jim Sullivan,U.F.O.,1975,Pscyhadelic Folk,$28.00,8/5/2023,,,
Jimi Hendrix,Woodstock Bootleg,1969,Rock,$50.00,,,,
Jimmy Buffet,Changes in Lattitudes - Changes in Attitudes,1977,,,,,,
Jimmy Cliff,The Harder They Come,1972,Reggae,$30.00,,,,
Jimmy Cliff,Struggling Man,1973,Reggae,$32.00,,,,
Jimmy Cliff,"Wonderful World, Beautiful People",1970,Reggae,$15.00,1/21/2024,,,
Jiro Inagaki and His Soul Media,Funky Stuff,1975,Jazz,$52.00,1/26/2024,,,
Joe Higgs,Unity is Power,1979,Reggae,$26.00,,,,
John Coltrane,Soultrane,1967,,,,,,
John Denver,John Denver's Greatest Hits,1973,,,,,,
John Lennon,Imagine,1971,,,,,,
Johnny Cash,At Folsom Prison,1968,,,,,,
Joni Mitchell,Blue,1972,Rock,$70.00,,,,
Journey,Captured,1981,,,,,,
Journey,Greatest Hits,1988,,,,,,
Joy Division,Unknown Pleasures,1979,"Post-Punk, Gothic Rock",$30.00,,,,
Judas Priest,British Steel,1980,,,,,,
Judas Priest,Screaming For Vengeance,1982,,$25.00,,,,
Jukebox the Ghost,Off to the Races,2018,,,,,,
Jungle,Jungle,2014,R&B,$15.00,,,,
Junior Wells,Hoodoo Man Blues,1991,,,,,,
Junko Ohashi,Magical,1984,City Pop,$60.00,8/26/2023,,,
Junko Yagami,Communication,1985,City Pop,$50.00,9/14/2023,,,
Kamma & Masalo,Brighter Days,2014,Electronic,$40.00,2/29/2024,,,
Kanye West,The College Dropout,2004,,,,,,
Kanye West,My Beautiful Dark Twisted Fantasy,2010,,,,,,
Kanye West,The Life of Pablo,2016,,,,,,
Karen Dalton,In My Own Time,1971,Folk,$30.00,8/26/2023,,,
Karin Jones,Under the Influence of Love,1982,Disco,$30.00,,,,
Katy Perry,Teenage Dream,2010,,,,,,
Kaytranada,Bubba,2019,R&B,$30.00,,,,
KC and the Sunshine Band,Part 3,1976,Disco,$3.00,,,,
Kendrick Lamar,DAMN.,2017,Rap,$35.00,,,,
Kendrick Lamar,"good kid, m.A.A.d city",2012,,,,,,
Kendrick Lamar,To Pimp A Butterfly,2015,,,,,,
Kenny Rogers,Greatest Hits,1980,,,,,,
Key and Cleary,Love is The Way,2018,"Funk, Soul",$50.00,,,,
Kid Cudi,Man on the Moon: The End of Day,2009,,,,,,
Kids See Ghosts,Kids See Ghosts,2018,,,,,,
Kikagaku Moyo,Kikagaku Moyo,2013,Psychadelia,$30.00,,,,
Kikagaku Moyo,Forest of Lost Children,2014,Psychadelia,$30.00,,,,
Kikagaku Moyo,House in the Tall Grass,2016,Psychadelia,$30.00,,,,
Kikagaku Moyo,Masana Temples,2018,Psychadelia,$30.00,,,,
Kikagaku Moyo,Kumoyo Island,2022,Psychadelia,$30.00,,,,
Kikuchi Momoko,Tropic of Capricorn,1985,City Pop,$50.00,9/14/2023,,,
King Crimson,In the Court of the Crimson King,1969,,,,,,
Kingo Hamada,Midnight Cruisin,1982,City Pop,$50.00,8/26/2023,,,
Kinokuniya Band,Street Sensation,1979,City Pop,$53.00,,,,
Kiss,Destroyer,1976,Rock,$35.00,,,,
Kiss,Double Platinum,1978,,,,,,
L'Imperatrice,Tako Tsubo,2021,Electronic,$22.00,,,,
Lady Gaga,The Fame,2008,,,,,,
Led Zeppelin,Led Zeppelin,1969,,,,,,
Led Zeppelin,Led Zeppelin III,1970,,,,,,
Led Zeppelin,Led Zeppelin IV,1971,,,,,,
Led Zeppelin,Houses of the Holy,1973,,,,,,
Led Zeppelin,Live in Seattle '73,1973,,,,,,
Led Zeppelin,Physical Graffiti,1975,,,,,,
Led Zeppelin,Presence,1976,,,,,,
Led Zeppelin,The Song Remains the Same,1976,,,,,,
Led Zeppelin,In Through the Out Door,1979,,,,,,
Led Zeppelin,CODA,1982,,,,,,
Led Zeppelin ,Led Zeppelin II,1969,,,,,,
Leo Nocentelli,Another Side,1971,Soul,$30.00,7/26/2023,,,
Les McCann & Eddie Harris,Swiss Movement,1969,,,,,,
Less Than Jake,Anthem,2020,Alternative Rock,,,,,
Less Than Jake,Silver Linings,2020,Alternative Rock,,,,,
Linkin Park,Hybrid Theory,2013,,,,,,
Linval Thompson,I Love Marijuana,1978,Reggae,$35.00,,,,
Little Dragon,"New Me, Same Us",2020,Electronic,$50.00,,,,
Little Richard,Here's Little Richard,1957,,,,,,
Little Simz,No Thank You,2022,Rap,$31.00,10/28/2023,,,
Looking Glass,Looking Glass,1972,American Folk,$20.00,8/3/2023,,,
Lord Huron,Vide Noir,2018,,,,,,
Lou Ragland,Understand Each Other,1977,Soul,$28.00,7/26/2023,,,
Lynyrd Skynyrd,Pronounced 'Leh-'Nerd 'Skin-'Nerd,1973,,,,,,
Mac Miller,Swimming,2018,,,,,,
Magdalena Bay,Mercurial World,2021,,$24.00,,,,
Makoto Kubota & The Sunset Gang,Hawaii Champroo,1975,"Rock, Blues",$35.00,9/14/2023,,,
Makoto Matsushita,First Light,1981,City Pop,$42.00,,,,
Mama's and Papa's,Mama's and Papa's,1966,,,,,,
Mariya Takeuchi,Variety,1984,City Pop,$67.00,,,,
Maroon5,It Won't Be Soon Before Long,2007,,,,,,
Maroon5,Overexposed,2012,,,,,,
Marvin Gaye,What's Going On,1971,Soul,$30.00,,,,
Marvin Gaye,Let's Get It On,1973,,,,,,
Marvin Holmes and Justice,Summer of '73,1973,"Funk, Soul",$20.00,,,,
Masahiko Sato,Belladonna,1973,Psychadelic Jazz,$30.00,,,,
Masami,My tune My turn,1980,Soft Rock,$53.00,,,,
Masayoshi Takanaka,Seychelles,1976,City Pop,$50.00,,,,
Masayoshi Takanaka,All of Me,1979,City Pop,$80.00,,,,
Masayoshi Takanaka,The Rainbow Goblins,1981,City Pop,$26.00,,,,
matchbox 20,yourself or someone just like you,1996,Alternative Rock,$20.00,,,,
Mayday Parade,A Lesson in Romantics,,Alternative Rock,$80.00,,,,
Meat Loaf,Bat Out of Hell,1977,,,,,,
Men At Work,Business As Usual,1982,,,,,,
Men At Work,Cargo,1982,,,,,,
Metallica,Master of Puppets,1986,Metal,$27.00,,,,
Metallica,Kill'em All,1983,,$48.00,,,,
Metallica,Ride The Lightning,1984,,$22.00,,,,
Metallica,Metallica,2014,,$32.00,,,,
Metro Area,Metro Area,2017,House,$32.00,,,,
MF DOOM,MM..FOOD,2007,Hip Hop,$35.00,,,,
MF DOOM,Operation Doomsday,2021,Rap,$28.00,,,,
MGMT,Oracular Spectacular,2007,Electronic,$30.00,,,,
Michael Franti & Spearhead,All Rebel Rockers,2008,,,,,,
Michael Franti & Spearhead,Soulrocker,2016,,,,,,
Michael Franti & Spearhead,Stay Human Vol. II,2019,,,,,,
Michael Jackson,Thriller,1982,,,,,,
Michael Jackson,Bad,1987,,,,,,
Mike James Kirkland,Hang on in There,1972,Soul,$30.00,12/2/2023,,,
Miki Matsubara,Pocket Park,1980,City Pop,$108.90,9/25/2023,,,
Mild High Club,Going Going Gone,2021,Indie,$25.00,,,,
Miles Davis,Bitches Brew,1970,Jazz,$40.00,,,,
Miles Davis,Miles Davis' Greatest Hits,1969,,,,,,
Miles Davis,Kind of Blue,2020,,,,,,
Missy Elliot,Supa Dupa Fly,2017,Hip Hop,$80.00,,,,
Mitski,Be The Cowboy,2018,,$130.00,,,,
Mitski,Laurel Hell,2022,,$30.00,,,,
Miyazawa Akira,Bull Trout,1969,Jazz,$58.00,,,,
My Bloody Valentine,loveless,2021,Progressive,$41.00,,,,
My Chemical Romance,Three Cheers for Sweet Revenge,2004,Emo,,,,,
My Chemical Romance,Welcome to the Black Parade,2007,Emo,,,,,
My Chemical Romance,The Black Parade (Box Set),2007,Emo,$250.00,,,,
My Chemical Romance,Danger Days,2010,Emo,$24.00,,,,
My Chemical Romance,Life on the Murder Scene,2020,Emo,,,,,
nas,Illmatic,2021,Hip Hop,$30.00,,,,
Neil Young,After The Gold Rush,1970,Rock,$25.00,,,,
Neil Young,Harvest,1972,Rock,,,,,
Neutral Milk Hotel,In the Aeroplane Over the Sea,1996,,$20.00,,,,
Nico,Chelsea Girl,1967,,,,,,
Nina Simone,My Baby Just Cares For Me,2012,Jazz,$28.00,,,,
Nirvana,Nevermind,1991,Alternative Rock,$30.00,,,,
Nirvana,Unplugged in New York,1994,Alternative Rock,$60.00,,,,
Norman Feels,Norman Feels,1973,Soul,$30.00,,,,
Nujabes,Metaphorical Music,2003,Lofi Hip Hop,$56.00,1/28/2024,,,
Nujabes,Modal Soul,2005,Lofi Hip Hop,$56.00,1/28/2024,,,
Nujabes,2nd Collections,2007,Lofi Hip Hop,$52.00,1/28/2024,,,
Odesza,A Moment Apart,2017,Future Bass,$28.00,,,,
Of Monsters And Men,My Head is an Animal,2011,Folk Rock,,,,,
Olivia Rodrigo,Sour,2021,Pop Rock,$30.00,,,,
Onra,Nobody Has To Know,2018,Ambient,$75.00,,,,
Outkast,ATLiens,1996,Hip Hop,$60.00,,,,
Outkast,Aquemini,1998,Hip Hop,$45.00,,,,
Outlaws,The Outlaws,1975,Rock,$4.00,,,,
Panic! At The Disco,Death of a Bachelor,2016,Alternative Rock,$23.00,,,,
Paramore,Riot!,2007,Alternative Rock,,,,,
Paramore,After Laughter,2017,Alternative Rock,$27.00,,,,
Parliament,Funkentelechy,1977,Funk,$40.00,6/28/2023,,,
Parliament,Osmium,1970,Funk,$30.00,,,,
Parliament,Mothership Connection,1975,Funk,$20.00,,,,
Paul Jackson,Black Octopus,1978,"Jazz, Funk",$30.00,8/18/2023,,,
Paul McCartney,Band on the Run,1973,Rock,,,,,
Peter Frampton,Frampton Comes Alive,1976,Rock,,,,,
Peter Tosh,Legalize It,1976,Reggae,$50.00,,,,
Peter Tosh,Equal Rights,1977,Reggae,,,,,
Peter Tosh,Complete Captured Live,2002,Reggae,$39.00,,,,
Pink Floyd,The Piper at The Gates of Dawn,1967,Prog Rock,$90.00,,,,
Pink Floyd,A Saucerful of Secrets,1968,Prog Rock,$100.00,,,,
Pink Floyd,Atom Heart Mother,1970,Prog Rock,$28.00,,,,
Pink Floyd,Meddle,1971,Prog Rock,$50.00,,,,
Pink Floyd,Obscured by Clouds,1972,Prog Rock,$30.00,,,,
Pink Floyd,Eclipsed Bootleg,1973,Prog Rock,$60.00,,,,
Pink Floyd,Live at Pompeii,1973,Prog Rock,$50.00,,,,
Pink Floyd,Animals,1977,Prog Rock,$40.00,,,,
Pink Floyd,The Wall,1979,Prog Rock,$80.00,,,,
Pink Floyd,The Film,1982,Prog Rock,$100.00,,,,
Pink Floyd,Delicate Sound of Thunder,1988,Prog Rock,$40.00,,,,
Pink Floyd,The Division Bell,2018,Prog Rock,$28.00,,,,
Pink Floyd,Pulse,2018,Prog Rock,$140.00,,,,
Pink Floyd,Delicate Sound of Thunder,2020,Prog Rock,$60.00,,,,
Pink Floyd,Live at Knebworth,2021,Prog Rock,$40.00,,,,
Pink Floyd ,Dark Side of the Moon,1973,Prog Rock,$100.00,,,,
Pink Floyd ,Wish You Were Here,1975,Prog Rock,$24.00,,,,
Piper,Gentle Breeze,1983,City Pop,$30.00,8/26/2023,,,
Piper,Summer Breeze,1983,City Pop,$30.00,8/18/2023,,,
Piper,Sunshine Kiz,1984,City Pop,$30.00,8/18/2023,,,
Prince,Purple Rain,1984,Soul,,,,,
Prince Hammer,Roots Me Roots,1979,Reggae,$29.00,,,,
Procol Harum,Live In Concert with the Edmonton Symphony Orchestra,1972,Rock,$6.00,,,,
Public Enemy,It Takes a Nation of Millions to Hold Us Back,2021,Hip Hop,$30.00,,,,
Public Enemy,Fear of a Black Planet,1990,Rap,$25.00,,,,
Pulp Fiction,Pulp Fiction,1991,Soundtrack,$23.00,,,,
Pure Prairie League,Bustin' Out,1972,Rock,$5.00,,,,
Purple Disco Machine,Soulmatic,2017,Disco,$34.00,,,,
Purple Disco Machine,Exotica,2021,Disco,$44.00,,,,
Queen,A Night at the Opera,1975,,,,,,
Queen,News of the World,1977,,,,,,
Queen,Jazz,1978,,,,,,
Queen,The Game,1980,,,,,,
Queen,Greatest Hits,1981,,,,,,
Queen,Bohemian Rhapsody The Original Soundtrack,2018,,$36.00,,,,
R.E.M.,Automatic For The People,1992,,$26.00,,,,
Radiohead,OK Computer,2015,,$40.00,,,,
RADWIMPS,Suzume,2023,Soundtrack,$35.00,8/28/2023,,,
RADWIMPS,Your Name,2023,Soundtrack,$100.00,,,,
RADWIMPS,Weathering With You,2023,Soundtrack,$100.00,,,,
Rage Against the Machine,Rage Against the Machine,1992,,$28.00,,,,
Ramones,Road to Ruin,1978,Punk Rock,$75.00,,,,
Ramones,Rocket To Russia,1977,,$75.00,,,,
Ray Charles,True Genius Sides of Ray,2021,Soul,$33.00,9/14/2023,,,
Red Hot Chili Peppers,Californication,1999,Alternative Rock,$45.00,,,,
REO Speedwagon,"You can Tune a piano, but you can't Tuna fish",1978,,,,,,
Richard Marks,Love is Gone - The Lost Sessions,1977,Soul,$50.00,8/3/2023,,,
Rikki Ililonga,Sunshine Love,1976,"Zam Rock, Psychadelic Rock",$40.00,7/11/2023,,,
Roberta Flack,First Take,1969,,,,,,
Rod Stewart,Every Picture Tells a Story,1971,,,,,,
Roots Radics Band,Scientist and Jammy Strike Back!,1978,Dub,$30.00,,,,
Round Robin and Brimstone,Luv n' Haight,1980,"Modern Soul, Disco",$20.00,8/3/2023,,,
Rüfüs Du Sol,Bloom,2016,Deep House,$125.00,,,,
Rüfüs Du Sol,Surrender,2021,Deep House,$39.00,,,,
Run-D.M.C.,King of Rock,1985,,,,,,
Rush,2112,1976,,,,,,
Rush,Permenant Waves,1980,,,,,,
Rush,Moving Pictures,1981,,,,,,
Rush,Signals,1982,,,,,,
Ryo Fukui,Scenery,1976,Jazz,$30.00,,,,
Ryo Fukui,Mellow Dream,1977,Jazz,$30.00,,,,
Ryo Kawasaki,Juice,1976,Jazz Funk,$35.00,,,,
Ryusenkei/Hitomitoi,Talio,2021,Modern City Pop,$75.00,8/18/2023,,,
S. Kiyotaka and Omega Tribe,River's Island,1984,City Pop,$33.00,1/29/2024,,,
Sam Cooke,Greatest Hits,2020,Soul,$30.00,,,,
Santana,Splendiferous,2022,Rock,$27.00,,,,
Santana,Santana,1969,,,,,,
Santana,Santana's Greatest Hits,1974,,,,,,
Santana,Moonflower,1977,,,,,,
Santana,Inner Secrets,1978,,,,,,
Scientist,Scientist Dubs Culture,2021,Dub,$27.00,,,,
Seals and Crofts,Greatest Hits,1975,,,,,,
Seatbelts,Soundtrack From The Netflix Series,2022,Jazz,$35.00,9/14/2023,,,
Sex Pistols,Nevermind The Bollocks Here's The Sex Pistols,1977,Punk Rock,$125.00,,,,
SG Lewis,times,2021,Disco,$21.00,,,,
SG Lewis,AudioLust and HigherLove,2023,Disco,$33.00,,,,
Silk Sonic,An Evening With Silk Sonic,2021,R&B,$30.00,,,,
Simon and Garfunkel,Simon and Garfunkel's Greatest Hits,1972,,,,,,
Simple Plan,"No Pads, No Helmets... Just Balls",2002,Alt Rock,$33.00,,,,
Sly and the Family Stone,Fresh,1973,"Soul, Funk",$30.00,9/7/2023,,,
Soljie,Rebel Soldier,1982,Dub,$60.00,,,,
Steely Dan,Can't Buy A Thrill,1972,Jazz Rock,$9.00,,,,
Steely Dan,Countdown to Ecstasy,1973,Jazz Rock,$8.00,,,,
Steely Dan,Aja,1977,Jazz Rock,$18.00,,,,
Steely Dan,Gaucho,1980,Jazz Rock,$20.00,,,,
Steve Miller Band,Greatest Hits: 1974-78,1978,,,,,,
Stevie Nicks,Bella Donna,1981,,,,,,
Stevie Wonder,Talking Book,1972,Soul,$29.00,,,,
Stevie Wonder,Songs in the Key of Life,1976,,,,,,
Styx,Crystal Ball,1976,,,,,,
Styx,The Grand Illusion,1977,,,,,,
Styx,Pieces of Eight,1978,,,,,,
Styx,Kilroy Was Here,1983,,,,,,
Sublime,Sublime,2016,Reggae,$35.00,8/3/2023,,,
Sudan Archives,Natural Brown Prom Queen,2022,R&B,$32.00,,,,
Supertramp,Breakfast in America,1979,,,,,,
Sweet,Desolation Boulevard,1974,,,,,,
System of a Down,Toxicity,2001,,$22.00,,,,
SZA,CTRL,2017,,$71.00,,,,
T. Rex,The Slider,1972,Rock,$35.00,,,,
T. Rex,Electric Warrior,1971,,$40.00,,,,
T.I.,Paper Trail,2008,,$28.00,,,,
T.I.,Paperwork,2014,,$11.00,,,,
Takako Mamiya,Love Trip,1982,City Pop,$46.00,,,,
Taking Back Sunday,Louder Now,2009,Emo,$30.00,,,,
Talking Heads,Fear of Music,1979,Art Rock,$30.00,7/11/2023,,,
Talking Heads,True Stories,1986,Art Rock,$20.00,7/11/2023,,,
Talking Heads,Talking Heads 77,1977,Art Rock,$18.00,,,,
Talking Heads,Remain in Light,1980,Prog Rock,$30.00,,,,
Talking Heads,Little Creatures,1985,,$20.00,,,,
Tame Impala,Currents,2015,Alternative,$24.00,,,,
Tame Impala,The Slow Rush,2020,Alternative,$40.00,,,,
Tatsuro Yamashita,Ride on Time,1980,City Pop,$125.00,,,,
Tatsuro Yamashita,For You,1982,City Pop,$85.00,,,,
The Abbysinians,Satta,1975,Reggae,$31.00,,,,
The Allman Brother's Band,Eat a Peach,1972,Folk Rock,,,,,
The Allman Brother's Band,Brothers And Sisters,1973,Folk Rock,,,,,
The Animals,The Best of The Animals,1966,,,,,,
The Avalanches,Wildflower,2016,,,,,,
The B-52's,The B-52's,1979,Pop,$25.00,,,,
The Band,Music From Big Pink,1968,,,,,,
The Beach Boys,Sounds of Summer,2022,Rock,$30.00,,,,
The Beach Boys,Surfin' USA,1963,,,,,,
The Beach Boys,All Summer Long,1964,,,,,,
The Beach Boys,"Shut Down, Volume 2",1964,,,,,,
The Beach Boys,Pet Sounds,1972,,$40.00,,,,
The Beatles,Rubber Soul,1965,Rock,$25.00,,,,
The Beatles,Revolver,1966,,,,,,
The Beatles,Sergent Pepper's Lonely Heart's Club Band,1967,,,,,,
The Beatles,Abbey Road,1969,,,,,,
The Beatles,1,2009,,,,,,
The Bee Gees,Timeless - The All Time Greatest Hits,2017,Disco,$34.00,,,,
The Black-Eyed Peas,Elephunk,2003,,$28.00,,,,
The Cars,The Cars,1978,,,,,,
The Cars,The Cars Greatest Hits,1985,,,,,,
The Clash,London Calling,1979,,$80.00,,,,
The Clash,The Clash,1979,,$22.00,,,,
The Clash,Combat Rock,1982,,$24.00,,,,
The Dave Brubeck Quartet,Time Out,1959,,,,,,
The Doobie Brothers,Toulouse Street,1972,,,,,,
The Doobie Brothers,Best of the Doobies,1976,,,,,,
The Doobie Brothers,Minute By Minute,1978,,,,,,
The Doors,The Doors,1967,,,,,,
The Doors,Strange Days,1967,,,,,,
The Doors,Morrison Hotel,1970,,,,,,
The Doors,L.A. Woman,1971,,,,,,
The Eagles,The Eagles,1972,,,,,,
The Eagles,Desperado,1973,,,,,,
The Eagles,On The Border,1974,,,,,,
The Eagles,One of These Nights,1975,,,,,,
The Eagles,Their Greatest Hits 1971-1975,1976,,,,,,
The Eagles,Hotel California,1976,,,,,,
The Eagles,The Long Run,1979,,,,,,
The Eagles,Eagles Live,1980,,,,,,
The Eagles,Hell Freezes Over,1994,,$34.00,,,,
The Gap Band,The Gap Band IV,1981,,,,,,
The Gipsy Kings,The Best of the Gipsy Kings,1995,,$30.00,,,,
The Grass Roots,Their 16 Greatest Hits,1971,,,,,,
The Guess Who,American Women,1970,,,,,,
The Horace Silver Quintet,Song For My Father,1965,Jazz,$75.00,,,,
The Isley Brothers,The Heat is On,1975,,,,,,
The Jimi Hendrix Experience,Are You Experienced,1967,,$60.00,,,,
The Jimi Hendrix Experience,Axis: Bold as Love,1967,,$30.00,,,,
The Jimi Hendrix Experience,Electric Ladyland,1968,,$30.00,,,,
The Kessoku Band,Bocchi The Rock! Song Album,2024,J-Pop,$85.00,5/14/2024,,,
The Killers,Hot Fuss,2004,,,,,,
The Kinks,One for the Road One,1980,,,,,,
The O'Jays,Collector's Items,1977,,,,,,
The Offspring,Greatest Hits,2022,Alternative Rock,$29.00,,,,
The Pharcyde,Bizarre Ride 2,1992,Hip Hop,$43.00,2/29/2024,,,
The Police,Outlandos d'Amour,1979,,,,,,
The Police,Sychronicity,1983,,,,,,
The Rolling Stones ,Let it Bleed,1969,,,,,,
The Rolling Stones ,Hot Rocks,1971,,,,,,
The Rolling Stones ,Exile on Main St,1972,,,,,,
The Rolling Stones ,Some Girls,1978,,,,,,
The Rolling Stones ,Tattoo You,1981,,,,,,
The Rolling Stones ,With A Little Help From Our Friends,2016,,,,,,
The Strokes,Room on Fire,2003,Alternative,$23.00,,,,
The Strokes,The New Abnormal,2020,Alternative,$30.00,,,,
The Velvet Underground,The Velvet Underground and Nico,1967,,,,,,
The Velvet Underground,White Light/White Heat,1968,,,,,,
The Velvet Underground,The Velvet Undergroun,1969,,,,,,
The Velvet Underground,1969,2012,,,,,,
The Ventures,Hawaii Five-O,1969,,,,,,
The Whatnauts,The Whatnauts on the Rocks,1972,Soul,$33.00,8/26/2023,,,
The Who,Tommy,1969,,,,,,
The Who,Who's Next,1971,,,,,,
The Who,Quadrophenia,1973,,,,,,
The Whole Darn Family,The Whole Darn Family Has Arrived,1976,Soul,$23.00,8/26/2023,,,
The Wild Tchoupitoulas,The Wild Tchoupitoulas,1976,Mardi-Gras Funk,$25.00,,,,
Thin Lizzy,Back in Chicago,2019,,$30.00,,,,
Three Dog Night,Joy to the World - Their Greatest Hits,1974,,$8.00,,,,
Thundercat,Drunk,2017,R&B,$41.00,,,,
Tom Petty,Full Moon Fever,1989,Rock,$30.00,,,,
Tom Petty and the Heartbreakers,Damn the Torpedoes,1979,Rock,$18.00,,,,
Tom Petty and the Heartbreakers,Greatest Hits,2016,Rock,$30.00,,,,
Tony Newton,Mysticism and Romance,1978,Funk,$27.00,,,,
Toots and The Maytals,Funky Kingston,1973,Reggae,$30.00,,,,
Toshiki Kadomatsu,On The City Shore,1983,City Pop,$83.12,9/21/2023,,,
Toshiki Kadomatsu,Sea is a Lady,1987,City Pop,$85.00,1/29/2024,,,
Toto,Toto,1978,,$1.00,,,,
Toto,Toto IV,1982,,$6.00,,,,
Tower of Power,Bump City,1972,Disco,$10.00,,,,
Traffic,John Barleycorn Must Die,1970,Rock,$15.00,,,,
"Tyler, The Creator",IGOR,2018,Pop,$24.00,,,,
"Tyler, The Creator",Flower Boy,2017,Soul,$30.00,,,,
U-Roy,Dread in a Babylon,1975,Reggae,$50.00,,,,
Van Halen,Van Halen,1978,Rock,$0.00,,,,
Van Halen,"Live at Pogos Nightclub, Wichita Kansas",1978,Rock,$27.00,,,,
Van Halen,Van Halen II,1979,Rock,$8.00,,,,
Van Halen,Women and Children First,1980,Rock,$5.00,,,,
Van Halen,Fair Warning,1981,Rock,$4.00,,,,
Van Halen,Diver Down,1982,Rock,$20.00,,,,
Van Halen,1984,1984,Rock,$30.00,,,,
Van Halen,5150,1986,Rock,$40.00,,,,
Van Halen,For Unlawful Carnal Knowledge,1991,Rock,$60.00,,,,
Van Morrison,Moondance,1970,,$30.00,,,,
Van Morrison,His Band and The Street Choir,1970,,$15.00,,,,
Various Artists,Pacific,1978,City Pop,$46.00,,,,
Various Artists,Seaside Lovers,1983,City Pop,$48.00,,,,
Various Artists,Tanamur City Vol.1,2021,City Pop,$28.00,,,,
Various Artists,Taiwan Disco,2020,Disco,$31.00,8/3/2023,,,
Various Artists,Evangelion Finally,2020,J-Pop,$30.00,,,,
Various Artists,Too Slow to Disco Presents Yacht Soul: The Cover Versions,2021,Soul,$33.00,,,,
Various Artists,Neon Genesis Evangelion,2023,Soundtrack,$30.00,10/1/2023,,,
Various Artists,The Hamilton Mixtape,2017,Soundtrack,$0.00,,,,
Various Artists,Shrek - Music From the Original Motion Picture,2019,Soundtrack,$30.00,,,,
Various Artists,Cowboy Bebop,2020,Soundtrack,$34.00,,,,
Various Artists,Hollywood East Star Trax 4,1988,,$50.00,,,,
Various Artists,The Many Faces of Pink Floyd,2019,,$27.00,,,,
Various Artists,Fred Ventura Presents Milano Undiscovered 1988-1992,1988,"Techno, House",$25.00,4/16/2024,,,
Venus,Logic System,1981,Synth Pop,$34.00,4/16/2024,,,
Village People,Cruisin',1978,,$5.00,,,,
Vince Guaraldi Trio,A Charlie Brown Chirstmas,1965,Jazz,$30.00,,,,
Wa-Do-Dem,Eek-A-Mouse,1981,Reggae,$27.00,,,,
War,Greatest Hits,1976,R&B,$7.00,,,,
Warren Zevon,Excitable Boy,1978,Rock,$0.00,,,,
Weezer,Weezer,1994,Alternative Rock,$50.00,,,,
Weezer,Weezer,2004,Alternative Rock,$24.00,,,,
Weezer,Weezer (Teal Album),2019,Alternative Rock,$60.00,,,,
Weezer,Van Weezer,2021,Alternative Rock,$22.00,,,,
Whitesnake,Whitesnake,1987,Hard Rock,$15.00,,,,
Wild Cherry,Wild Cherry,1976,R&B,$7.00,,,,
Wild Fire,Dance Hits,2021,Disco,$30.00,8/18/2023,,,
Will Smith,Big Willie Style,1997,Pop,$30.00,,,,
Wu-Tang Clan,Enter The Wu-Tang (36 Chambers),1993,Rap,$30.00,,,,
Yellowcard,Childhood Eyes,2023,Neo Angsty Rock,$20.00,8/3/2023,,,
Yes,Fragile,1972,Prog Rock,$6.00,,,,
Yugo Kanno,Jojo's Bizarre Adventure: Golden Wind O.S.T. Overture,2023,Soundtrack,$30.00,7/8/2023,,,
Yung Gravy,Gasanova,2020,Disco,$25.00,,,,
Yung Gravy,Sensational,2019,Pop,$0.00,,,,
Yurie Kokubo,Relief 72 Hours,1983,City Pop,$87.47,9/18/2023,,,
Zac Brown Band,Greatest Hits... So Far,2014,Country,$28.00,,,,
ZZ Top,Tres Hombres,1973,Hard Rock,$5.00,,,,
ZZ Top,Eliminator,1983,Hard Rock,$15.00,,,,
Darondo,Let My People Go,2019,Soul,$29.00,5/19/2024,,,
Tatsuro Yamashita,Spacy,1977,City Pop,$50.00,5/19/2024,,,